user_input,reference_contexts,reference,synthesizer_name
CSV 파일을 이용해서 S/MIME 인증서를 관리하려면 어떤 작업이 필요한가요?,"['Q: S/MIME 인증서를 관리하기 위해 CSV 파일을 처리하는 함수에서 어떤 작업을 수행해야 하나요?\nA: S/MIME 인증서를 관리하기 위해 CSV 파일을 처리하는 함수에서는 사용자의 인증서를 나열하고, 기본 인증서가 만료되었거나 설정되지 않은 경우 지정된 파일에서 인증서를 업로드해야 합니다. 그런 다음 만료일이 가장 늦은 인증서를 기본값으로 설정하는 작업을 수행해야 합니다.']","CSV 파일을 처리하는 함수에서는 사용자의 인증서를 나열하고, 기본 인증서가 만료되었거나 설정되지 않은 경우 지정된 파일에서 인증서를 업로드해야 합니다. 그리고 만료일이 가장 늦은 인증서를 기본값으로 설정하는 작업을 해야 합니다.",single_hop_specific_query_synthesizer
클라우드 파이어스토어 부하 분산기 어떻게 써야되나요?,['Q: Cloud Firestore의 부하 분산 기능은 어떻게 작동하나요?\nA: Cloud Firestore는 데이터베이스에 대한 트래픽을 지원하기 위해 자동으로 확장되므로 부하 분산기를 실행할 필요가 없습니다.'],Cloud Firestore는 데이터베이스에 대한 트래픽을 지원하기 위해 자동으로 확장되므로 부하 분산기를 실행할 필요가 없습니다.,single_hop_specific_query_synthesizer
범위 많으면 동의 어렵나요?,['Q: OAuth 2.0을 사용할 때 요청하는 범위의 수가 사용자 동의에 미치는 영향은 무엇인가요?\nA: 범위를 사용 설정하면 애플리케이션은 필요한 리소스에 대한 액세스만 요청하고 사용자는 애플리케이션에 부여하는 액세스 양을 제어할 수 있습니다. 따라서 요청된 범위 수와 사용자 동의를 얻을 가능성 간에 역관계가 있을 수 있습니다. OAuth 2.0 승인을 구현하기 전에 앱에서 액세스 권한이 필요한 범위를 지정하는 것이 좋습니다.'],요청된 범위 수가 많으면 사용자 동의를 얻을 가능성이 낮아질 수 있습니다.,single_hop_specific_query_synthesizer
"As a beginner who is not familiar with Google APIs, could you please explain in detail how the Cloud Platform is affected when Google Cloud session control features are enabled, and what specific user actions or applications are impacted by these policies?","['Q: Google Cloud 세션 제어 기능이란 무엇이며, 어떤 영향을 미치나요?\nA: GCP 조직의 관리자는 Google Cloud 세션 제어 기능을 사용하여 사용자가 GCP 리소스에 액세스하는 동안 사용자의 재인증을 자주 요구할 수 있습니다. 이 정책은 Google Cloud Console, Google Cloud SDK (gcloud CLI라고도 함), Cloud Platform 범위가 필요한 서드 파티 OAuth 애플리케이션에 대한 액세스에 영향을 미칩니다.']","When Google Cloud session control features are enabled, administrators in a GCP organization can require users to re-authenticate more frequently while accessing GCP resources. This policy affects access to the Google Cloud Console, the Google Cloud SDK (also known as gcloud CLI), and third-party OAuth applications that require Cloud Platform scopes.",single_hop_specific_query_synthesizer
"firebase_functions 어떻게 쓰는지 잘 모르겠는데, Cloud Firestore에서 문서 바뀔 때마다 자동으로 뭔가 실행되게 하려면 firebase_functions에서 뭘 써야 되고, 예시 코드도 보여줄 수 있나요?","['Q: Cloud Firestore에서 특정 문서의 모든 변경에 대해 이벤트를 트리거하려면 어떤 함수를 사용해야 하나요?\nA: 특정 문서의 모든 변경에 이벤트를 트리거하려면 `onDocumentWritten` 함수를 사용해야 합니다. 예시는 다음과 같습니다.\n\n```python\nfrom firebase_functions.firestore_fn import (\n    on_document_written,\n    Event,\n    Change,\n    DocumentSnapshot,\n)\n\n@on_document_written(document=""users/marie"")\ndef myfunction(event: Event[Change[DocumentSnapshot]]) -> None:\n    # Get an object with the current document values.\n    # If the document does not exist, it was deleted.\n    document = (event.data.after.to_dict()\n                if event.data.after is not None else None)\n\n    # Get an object with the previous document values.\n    # If the document does not exist, it was newly created.\n    previous_values = (event.data.before.to_dict()\n                       if event.data.before is not None else None)\n\n    # Perform more operations ...\n```']","Cloud Firestore에서 특정 문서의 모든 변경에 이벤트를 트리거하려면 onDocumentWritten 함수를 사용해야 합니다. 예시는 다음과 같습니다.

from firebase_functions.firestore_fn import (
    on_document_written,
    Event,
    Change,
    DocumentSnapshot,
)

@on_document_written(document=""users/marie"")
def myfunction(event: Event[Change[DocumentSnapshot]]) -> None:
    # Get an object with the current document values.
    # If the document does not exist, it was deleted.
    document = (event.data.after.to_dict()
                if event.data.after is not None else None)

    # Get an object with the previous document values.
    # If the document does not exist, it was newly created.
    previous_values = (event.data.before.to_dict()
                       if event.data.before is not None else None)

    # Perform more operations ...",single_hop_specific_query_synthesizer
"Firebase에서 다단계 인증(MFA)을 사용할 때 Objective-C로 사용자 인증을 완료하는 방법과 관련된 코드 예시가 궁금합니다. 어떤 방식으로 인증 정보를 가져오고, Objective-C에서는 어떻게 구현하나요?","['Q: 다단계 인증(MFA) 사용 시 Firebase에서 사용자 인증을 완료하는 방법은 무엇인가요?\nA: 다단계 인증(MFA) 사용 시 Firebase에서 사용자 인증을 완료하는 방법은 다음과 같습니다. 먼저, FIRMultiFactorResolver를 통해 다단계 인증 정보를 가져온 후, 선택한 인증 방법으로 인증을 완료해야 합니다. Objective-C에서는 다음과 같이 작성합니다:\n```objective-c\nFIRMultiFactorAssertion *assertion = [FIRPhoneMultiFactorGenerator assertionWithCredential:credential];\n[resolver resolveSignInWithAssertion:assertion completion:^(FIRAuthDataResult * _Nullable authResult, NSError * _Nullable error) {\nif (error) {\n[self showMessagePrompt:error.localizedDescription];\nNSLog(@""Multi factor finanlize sign in succeeded."");\nFIRUser *user = authResult.user;\n```']","다단계 인증(MFA) 사용 시 Firebase에서 사용자 인증을 완료하는 방법은 FIRMultiFactorResolver를 통해 다단계 인증 정보를 가져온 후, 선택한 인증 방법으로 인증을 완료해야 합니다. Objective-C에서는 다음과 같이 작성합니다: 
FIRMultiFactorAssertion *assertion = [FIRPhoneMultiFactorGenerator assertionWithCredential:credential];
[resolver resolveSignInWithAssertion:assertion completion:^(FIRAuthDataResult * _Nullable authResult, NSError * _Nullable error) {
if (error) {
[self showMessagePrompt:error.localizedDescription];
NSLog(@""Multi factor finanlize sign in succeeded."");
FIRUser *user = authResult.user;",single_hop_specific_query_synthesizer
Java를 사용해서 Firestore에 문서를 추가할 때 어떤 코드를 사용하나요?,"['Q: Firestore에서 문서에 데이터를 추가할 때 사용하는 Java 코드 예시는 무엇인가요?\nA: 다음은 Java에서 Firestore에 문서를 추가할 때 사용하는 코드 예시입니다.\n\n```java\nMap<String, Object> docData = new HashMap<>();\ndocData.put(""stringExample"", ""Hello, World"");\ndocData.put(""booleanExample"", false);\ndocData.put(""numberExample"", 3.14159265);\ndocData.put(""nullExample"", null);\n\nArrayList<Object> arrayExample = new ArrayList<>();\nCollections.addAll(arrayExample, 5L, true, ""hello"");\ndocData.put(""arrayExample"", arrayExample);\n\nMap<String, Object> objectExample = new HashMap<>();\nobjectExample.put(""a"", 5L);\nobjectExample.put(""b"", true);\n\ndocData.put(""objectExample"", objectExample);\n```']","다음은 Java에서 Firestore에 문서를 추가할 때 사용하는 코드 예시입니다.

```java
Map<String, Object> docData = new HashMap<>();
docData.put(""stringExample"", ""Hello, World"");
docData.put(""booleanExample"", false);
docData.put(""numberExample"", 3.14159265);
docData.put(""nullExample"", null);

ArrayList<Object> arrayExample = new ArrayList<>();
Collections.addAll(arrayExample, 5L, true, ""hello"");
docData.put(""arrayExample"", arrayExample);

Map<String, Object> objectExample = new HashMap<>();
objectExample.put(""a"", 5L);
objectExample.put(""b"", true);

docData.put(""objectExample"", objectExample);
```",single_hop_specific_query_synthesizer
COLUMNS가 Dimension API에서 무슨 뜻인가요?,['Q: Dimension API에서 사용할 수 있는 열거형 값은 무엇인가요?\nA: Dimension API에서 사용할 수 있는 열거형 값은 다음과 같습니다: \n- DIMENSION_UNSPECIFIED: 기본값이며 사용할 수 없습니다.\n- ROWS: 시트의 행에서 작동합니다.\n- COLUMNS: 시트의 열에서 작동합니다.'],COLUMNS는 Dimension API에서 시트의 열에서 작동함을 의미합니다.,single_hop_specific_query_synthesizer
ttll이 뭐에요? 그리고 한도 같은거 있나요?,"['Q: TTL 정책을 적용할 때 한도 및 제약조건은 무엇인가요?\nA: 컬렉션 그룹당 하나의 필드만 TTL 필드로 표시할 수 있으며, 필드 수준 구성은 최대 500개까지 허용됩니다. Datastore 모드의 Firestore 고객은 TTL을 항목 그룹을 사용한 낙관적 동시 실행 모드와 함께 사용할 수 없습니다.']","컬렉션 그룹당 하나의 필드만 TTL 필드로 표시할 수 있고, 필드 수준 구성은 최대 500개까지 허용됩니다. 또한 Datastore 모드의 Firestore 고객은 TTL을 항목 그룹을 사용한 낙관적 동시 실행 모드와 함께 사용할 수 없습니다.",single_hop_specific_query_synthesizer
Me want know what FUNCTION_ENTRYPOINT do in gcloud run deploy command?,"['Q: gcloud CLI를 사용하여 Cloud Run 함수를 배포한 후 트리거를 만드는 과정은 어떻게 되나요?\nA: 먼저 함수를 배포한 후, 다음 명령어를 실행하여 트리거를 만듭니다.\n\n```bash\ngcloud run deploy FUNCTION \\\n--source . \\\n--function FUNCTION_ENTRYPOINT \\\n--base-image BASE_IMAGE_ID \\\n--region REGION\n```\n\n그 후, 이벤트를 필터링하는 트리거를 생성하는 명령어를 실행합니다.']",FUNCTION_ENTRYPOINT는 gcloud run deploy 명령어에서 함수의 진입점을 지정하는 데 사용됩니다.,single_hop_specific_query_synthesizer
Google 피트니스 심박수 데이터 읽기 권한 범위는?,['Q: Google 피트니스에서 심박수 데이터를 확인하기 위해 필요한 OAuth 2.0 범위는 무엇인가요?\nA: Google 피트니스에서 내 심박수 데이터를 확인하기 위해 필요한 OAuth 2.0 범위는 https://www.googleapis.com/auth/fitness.heart_rate.read 입니다.'],Google 피트니스에서 심박수 데이터를 확인하기 위해 필요한 OAuth 2.0 범위는 https://www.googleapis.com/auth/fitness.heart_rate.read 입니다.,single_hop_specific_query_synthesizer
projets.databeses.gte 메서드 쓸때 HTTP 리퀘스트 포맷이 뭐에요?,['Q: projects.databases.get 메서드를 호출할 때 필요한 HTTP 요청 형식은 무엇인가요?\nA: HTTP 요청 형식은 다음과 같습니다:\n```\nGET https://firestore.googleapis.com/v1/{name=projects/*/databases/*}\n```'],"HTTP 요청 형식은 다음과 같습니다:
```
GET https://firestore.googleapis.com/v1/{name=projects/*/databases/*}
```",single_hop_specific_query_synthesizer
"Google Developers Console을 활용하여 YouTube Data API를 사용 설정하려면 어떤 절차를 따라야 하며, 첫 번째 단계에서 반드시 수행해야 하는 작업은 무엇입니까?",['Q: YouTube Data API를 사용 설정하기 위한 첫 번째 단계는 무엇인가요?\nA: Google Developers Console에서 프로젝트를 만들거나 선택하고 API를 자동으로 사용 설정하는 마법사를 사용합니다. 계속을 클릭한 다음 사용자 인증 정보로 이동을 클릭합니다.'],"YouTube Data API를 사용 설정하기 위한 첫 번째 단계는 Google Developers Console에서 프로젝트를 만들거나 선택하고, API를 자동으로 사용 설정하는 마법사를 사용하는 것입니다. 이후 계속을 클릭한 다음 사용자 인증 정보로 이동을 클릭해야 합니다.",single_hop_specific_query_synthesizer
firsetore users 데이타 가져오려면 어떻게하나요? users 콜렉션에서 모든 users 정보 뽑는 코드 알려주세요.,"['Q: Firestore에서 데이터를 가져오는 방법은 무엇인가요?\nA: Firestore에서 데이터를 가져오는 방법은 다음과 같은 코드를 사용할 수 있습니다:\n\n```javascript\nawait db.collection(""users"").get().then((event) => {\n    for (var doc in event.docs) {\n        print(""${doc.id} => ${doc.data()}"");\n    }\n});\n```']","Firestore에서 users 콜렉션의 모든 users 정보를 가져오려면 다음과 같은 코드를 사용할 수 있습니다:

```javascript
await db.collection(""users"").get().then((event) => {
    for (var doc in event.docs) {
        print(""${doc.id} => ${doc.data()}"");
    }
});
```",single_hop_specific_query_synthesizer
Python에서 Cloud Firestore 초기화 방법,"[""Q: Cloud Firestore를 Python에서 서비스 계정을 사용하여 초기화하는 방법은 무엇인가요?\nA: Cloud Firestore를 Python에서 서비스 계정을 사용하여 초기화하려면 다음 코드를 사용합니다:\n\n```python\nimport firebase_admin\nfrom firebase_admin import credentials\nfrom firebase_admin import firestore\n\n# Use a service account.\ncred = credentials.Certificate('path/to/serviceAccount.json')\n\napp = firebase_admin.initialize_app(cred)\ndb = firestore.client()\n```""]","Cloud Firestore를 Python에서 서비스 계정을 사용하여 초기화하려면 다음 코드를 사용합니다:

import firebase_admin
from firebase_admin import credentials
from firebase_admin import firestore

# Use a service account.
cred = credentials.Certificate('path/to/serviceAccount.json')

app = firebase_admin.initialize_app(cred)
db = firestore.client()",single_hop_specific_query_synthesizer
"BigQuery에서 쿼리 실행 단계의 병렬 입력 세그먼트 수를 확인하고자 할 때, 사용자가 참고해야 하는 필드는 무엇이며, 이 필드를 통해 어떤 정보를 얻을 수 있는지 상세히 설명해 주시겠습니까?","[""Q: BigQuery에서 쿼리 실행 단계의 병렬 입력 세그먼트 수를 확인하려면 어떤 필드를 사용해야 하나요?\nA: 쿼리 실행 단계의 병렬 입력 세그먼트 수는 'parallelInputs' 필드를 사용하여 확인할 수 있습니다.""]","BigQuery에서 쿼리 실행 단계의 병렬 입력 세그먼트 수를 확인하려면 'parallelInputs' 필드를 사용해야 합니다. 이 필드는 쿼리 실행 단계에서 병렬로 처리되는 입력 세그먼트의 수를 나타내며, 사용자는 이를 통해 쿼리 실행의 병렬 처리 수준을 파악할 수 있습니다.",single_hop_specific_query_synthesizer
itemDownlodRestrction 뭐에요?,"[""Q: 파일의 다운로드 제한이 소유자 또는 주최자가 직접 적용한 것인지 확인하려면 어떤 필드를 사용해야 하나요?\nA: 파일의 다운로드 제한이 소유자 또는 주최자가 직접 적용한 것인지 확인하려면 'itemDownloadRestriction' 필드를 사용해야 합니다. 이 필드는 소유자 또는 주최자가 직접 적용한 파일의 다운로드 제한을 포함합니다.""]",itemDownloadRestriction 필드는 소유자 또는 주최자가 직접 적용한 파일의 다운로드 제한을 확인할 때 사용합니다.,single_hop_specific_query_synthesizer
What does the textFormat field represent in TreemapChartSpec's JSON?,['Q: TreemapChartSpec의 JSON 표현에서 textFormat 필드는 어떤 정보를 포함하나요?\nA: textFormat 필드는 차트의 모든 라벨에 사용할 텍스트 형식입니다. 링크 필드는 지원되지 않습니다.'],The textFormat field specifies the text format to be used for all labels in the chart. Link fields are not supported.,single_hop_specific_query_synthesizer
fileId는 무엇을 의미하나요?,"['Q: AccessProposal을 ID로 검색하는 API 요청은 어떻게 하나요?\nA: AccessProposal을 ID로 검색하려면 다음과 같은 GET 요청을 사용합니다:\n\n```\nGET /drive/v3/files/{fileId}/accessproposals/{proposalId}\n```\n여기서 `{fileId}`는 파일의 ID이고, `{proposalId}`는 검색할 AccessProposal의 ID입니다.']",fileId는 파일의 ID를 의미합니다.,single_hop_specific_query_synthesizer
"Gmail 작업을 선언하는 방법에 대해 자세히 알고 싶은데, Declaring Actions 관련 자료는 어디서 찿을수 있나요?",['Q: Gmail의 작업 선언 방법에 대한 자료는 어디에서 찾을 수 있나요?\nA: 작업 선언 방법에 대한 자세한 내용은 작업 선언(Declaring Actions) 문서를 참고하세요.'],작업 선언 방법에 대한 자세한 내용은 작업 선언(Declaring Actions) 문서를 참고하세요.,single_hop_specific_query_synthesizer
