user_input,retrieved_contexts,response,reference
CSV 파일을 이용해서 S/MIME 인증서를 관리하려면 어떤 작업이 필요한가요?,"['Q: 여러 사용자의 S/MIME 인증서를 한 번에 관리하기 위해 어떤 방법을 사용할 수 있나요?\nA: 여러 사용자의 S/MIME 인증서를 한 번에 관리하기 위해 CSV 파일을 사용하여 사용자 ID와 각 사용자의 인증서 경로를 나열하고, 이를 기반으로 일괄 호출을 수행할 수 있습니다.'
 'Q: S/MIME 인증서를 관리하기 위해 CSV 파일을 처리하는 함수에서 어떤 작업을 수행해야 하나요?\nA: S/MIME 인증서를 관리하기 위해 CSV 파일을 처리하는 함수에서는 사용자의 인증서를 나열하고, 기본 인증서가 만료되었거나 설정되지 않은 경우 지정된 파일에서 인증서를 업로드해야 합니다. 그런 다음 만료일이 가장 늦은 인증서를 기본값으로 설정하는 작업을 수행해야 합니다.'
 'Q: 여러 사용자의 S/MIME 인증서를 CSV 파일을 통해 한 번에 업로드하려면 어떤 방법을 사용해야 하나요?\nA: 여러 사용자의 S/MIME 인증서를 CSV 파일을 통해 한 번에 업로드하려면, `insertCertFromCsv` 메서드를 사용해야 합니다. 이 메서드는 CSV 파일의 각 행에 사용자 ID, 인증서 경로, 인증서 비밀번호가 포함되어 있어야 합니다. 다음은 Java 코드 예시입니다:\n\n```java\npublic static void insertCertFromCsv(String csvFilename) {\n    try {\n        File csvFile = new File(csvFilename);\n        CSVParser parser =\n            CSVParser.parse(csvFile, java.nio.charset.StandardCharsets.UTF_8, CSVFormat.DEFAULT);\n        for (CSVRecord record : parser) {\n            String userId = record.get(0);\n            String certFilename = record.get(1);\n            String certPassword = record.get(2);\n            SmimeInfo smimeInfo = CreateSmimeInfo.createSmimeInfo(certFilename,\n                certPassword);\n            if (smimeInfo != null) {\n                InsertSmimeInfo.insertSmimeInfo(userId,\n                    userId,\n                    smimeInfo);\n            } else {\n                System.err.printf(""Unable to read certificate file for userId: %s\\n"", userId);\n            }\n        }\n    } catch (Exception e) {\n        System.err.printf(""An error occured while reading the CSV file: %s"", e);\n    }\n}\n```'
 'Q: CSV 파일에서 S/MIME 인증서를 업로드할 때 각 행의 형식은 어떻게 되나요?\nA: CSV 파일에서 S/MIME 인증서를 업로드할 때 각 행은 사용자 ID, 인증서 경로, 인증서 비밀번호의 형식으로 구성되어야 합니다. 예를 들어:\n```\nuser1@example.com,/path/to/user1_cert.p12,cert_password_1\nuser2@example.com,/path/to/user2_cert.p12,cert_password_2\nuser3@example.com,/path/to/user3_cert.p12,cert_password_3\n```'
 'Q: Python에서 CSV 파일을 통해 여러 사용자의 S/MIME 인증서를 업로드하는 방법은 무엇인가요?\nA: Python에서 CSV 파일을 통해 여러 사용자의 S/MIME 인증서를 업로드하려면, `insert_cert_from_csv` 함수를 사용해야 합니다. 이 함수는 CSV 파일의 각 행에 사용자 ID, 인증서 경로, 인증서 비밀번호가 포함되어 있어야 합니다. 다음은 Python 코드 예시입니다:\n\n```python\ndef insert_cert_from_csv(csv_filename):\n  try:\n    with open(csv_filename, ""rb"") as cert:\n      csv_reader = csv.reader(cert, delimiter="","")\n      next(csv_reader, None)  # skip CSV file header\n      for row in csv_reader:\n        user_id = row[0]\n        cert_filename = row[1]\n        cert_password = row[2]\n        smime_info = create_smime_info.create_smime_info(\n            cert_filename=cert_filename, cert_password=cert_password\n        )\n        if smime_info:\n          insert_smime_info.insert_smime_info()\n        else:\n          print(f""Unable to read certificate file for user_id: {user_id}"")\n  except (OSError, IOError) as error:\n    print(f""An error occured while reading the CSV file: {error}"")\n```'
 'Q: Python에서 CSV 파일을 통해 S/MIME 인증서를 업로드할 때, 각 행에 포함되어야 하는 정보는 무엇인가요?\nA: 각 행에는 사용자 ID(user ID), 인증서 경로(path to the certificate), 인증서 비밀번호(certificate password)가 포함되어야 합니다.'
 'Q: S/MIME 인증서를 업로드하기 위해 어떤 메서드를 사용해야 하나요?\nA: S/MIME 키를 업로드하기 위해서는 smimeInfo.insert() 메서드를 사용해야 합니다.'
 'Q: S/MIME 인증서를 CSV 파일에서 읽을 때 발생할 수 있는 예외는 무엇인가요?\nA: S/MIME 인증서를 CSV 파일에서 읽을 때 발생할 수 있는 예외는 `OSError`와 `IOError`입니다. 이러한 예외는 파일을 열거나 읽는 과정에서 문제가 발생했을 때 발생합니다.']","S/MIME 인증서를 관리하기 위해 CSV 파일을 처리하는 함수에서는 다음과 같은 작업을 수행해야 합니다:

1. 사용자의 인증서를 나열합니다.
2. 기본 인증서가 만료되었거나 설정되지 않은 경우, 지정된 파일에서 인증서를 업로드합니다.
3. 만료일이 가장 늦은 인증서를 기본값으로 설정합니다.

이러한 작업을 통해 여러 사용자의 S/MIME 인증서를 효율적으로 관리할 수 있습니다.","CSV 파일을 처리하는 함수에서는 사용자의 인증서를 나열하고, 기본 인증서가 만료되었거나 설정되지 않은 경우 지정된 파일에서 인증서를 업로드해야 합니다. 그리고 만료일이 가장 늦은 인증서를 기본값으로 설정하는 작업을 해야 합니다."
클라우드 파이어스토어 부하 분산기 어떻게 써야되나요?,"['Q: 부하 집중을 방지하기 위해 Cloud Firestore에서 어떤 방법을 사용하는 것이 좋나요?\nA: 부하 집중을 방지하려면 분산형 알고리즘을 사용하는 Cloud Firestore 자동 문서 ID를 활용하여 문서 ID를 사전순으로 분산하는 것이 좋습니다.'
 'Q: Cloud Firestore의 부하 분산 기능은 어떻게 작동하나요?\nA: Cloud Firestore는 데이터베이스에 대한 트래픽을 지원하기 위해 자동으로 확장되므로 부하 분산기를 실행할 필요가 없습니다.'
 'Q: Firestore에서 부하 집중을 방지하기 위한 문서 ID 할당 방법은 무엇인가요?\nA: 부하 집중을 방지하려면 분산형 알고리즘을 사용하는 Firestore 자동 문서 ID를 활용하여 문서 ID를 사전순으로 분산하는 것이 좋습니다.'
 'Q: Cloud Firestore의 데이터 분할 방식은 무엇인가요?\nA: Cloud Firestore는 대규모 워크로드를 처리하기 위해 여러 머신 또는 스토리지 서버에서 저장하고 제공할 수 있는 별도의 조각으로 데이터를 분할합니다. 이러한 파티션은 분할이라는 키 범위 블록의 데이터베이스 테이블에서 만들어집니다.'
 'Q: Cloud Firestore에서 쿼리 연산자를 사용하는 방법은 무엇인가요?\nA: Cloud Firestore에서 쿼리 연산자를 사용하는 방법은 다음과 같습니다. `where()` 메서드는 필터링할 필드, 비교 연산자, 값의 3가지 매개변수를 사용합니다. 지원하는 비교 연산자는 다음과 같습니다:\n- < (미만)\n- <= (작거나 같음)\n- == (같음)\n- > (보다 큼)\n- >= (이상)\n- != (같지 않음)\n- array-contains\n- array-contains-any\n- in\n- not-in'
 'Q: PartitionQueryRequest를 사용하여 Firestore에서 쿼리를 분할하는 방법은 무엇인가요?\nA: PartitionQuery 메서드는 쿼리를 분할하여 쿼리를 병렬로 실행할 수 있는 파티션 커서를 반환합니다. 반환된 파티션 커서는 RunQuery의 시작/종료 지점으로 사용할 수 있습니다. 이 메서드를 사용하기 위해서는 다음 중 하나의 OAuth 범위가 필요합니다: https://www.googleapis.com/auth/datastore 또는 https://www.googleapis.com/auth/cloud-platform.'
 'Q: Cloud Firestore에서 핫스팟 방지(Hotspot Prevention) 메커니즘은 어떻게 작동하나요?\nA: Cloud Firestore의 분할은 필요할 때 또는 키 공간이 확장될 때 더 많은 스토리지 서버에 트래픽을 제공하는 작업을 분산하기 위해 자동으로 더 작은 조각으로 분할됩니다. 초과 트래픽을 처리하기 위해 생성된 분할은 트래픽이 사라지더라도 약 24시간 동안 보관됩니다.'
 'Q: Cloud Firestore에서 쿼리 커서를 사용하여 데이터 페이지화를 어떻게 구현하나요?\nA: Cloud Firestore의 쿼리 커서를 사용하면 쿼리에 정의한 매개변수에 따라 쿼리에서 반환하는 데이터를 일정하게 분할할 수 있습니다. 쿼리의 시작점과 끝점을 정의하여 데이터 중 일부를 반환하고 쿼리 결과를 페이지화할 수 있습니다.']",Cloud Firestore에서는 부하 분산기를 직접 실행할 필요가 없습니다. Cloud Firestore는 데이터베이스에 대한 트래픽을 지원하기 위해 자동으로 확장되기 때문입니다. 따라서 부하 분산을 위해 별도의 조치를 취할 필요가 없습니다.,Cloud Firestore는 데이터베이스에 대한 트래픽을 지원하기 위해 자동으로 확장되므로 부하 분산기를 실행할 필요가 없습니다.
범위 많으면 동의 어렵나요?,"['Q: OAuth 2.0을 사용하여 요청한 범위의 수와 사용자 동의 간의 관계는 무엇인가요?\nA: 요청된 범위의 수와 사용자 동의를 얻을 가능성 사이에는 역관계가 있습니다. 즉, 요청한 범위가 많을수록 사용자 동의를 얻기 어려워질 수 있습니다.'
 'Q: 여러 범위에 대한 동의 처리는 어떻게 해야 하나요?\nA: 한 번에 여러 범위를 요청하면 사용자가 요청한 모든 OAuth 범위를 부여하지 않을 수 있습니다. 앱은 관련 기능을 사용 중지하여 범위 거부를 처리해야 하며, 기본 기능에 여러 범위가 필요한 경우 동의 메시지를 표시하기 전에 사용자에게 이를 설명해야 합니다.'
 'Q: 기기에서 요청한 범위(scope)의 수와 사용자 동의 간의 관계는 무엇인가요?\nA: 기기에서 요청한 범위(scope)의 수가 많을수록 사용자 동의가 필요할 수 있습니다. 사용자가 승인 절차를 완료하기 위해 입력 기능이 더 풍부한 기기를 사용해야 하므로, 요청한 범위의 수는 사용자 동의에 영향을 미칩니다.'
 'Q: 애플리케이션이 요청한 범위의 수와 사용자 동의 간의 관계는 무엇인가요?\nA: 요청된 범위의 수와 사용자 동의를 얻을 가능성 사이에는 역관계가 있습니다. 즉, 요청하는 범위가 많을수록 사용자가 동의할 가능성이 낮아질 수 있습니다.'
 'Q: 여러 범위에 대한 동의를 받을 때 사용자가 선택할 수 있는 옵션은 무엇인가요?\nA: 사용자는 요청한 여러 범위 중 하나 이상을 승인하거나 요청을 거부할 수 있습니다. 사용자가 요청한 범위를 승인하지 않으면, 관련 기능을 비활성화하고 실패할 API 호출을 하지 않아야 합니다. 사용자가 요청한 범위를 승인하지 않은 경우, 해당 범위에 의해 제공되는 기능을 사용하려는 의도를 명확히 표시한 후에만 새로운 승인을 요청할 수 있습니다.'
 'Q: OAuth 2.0을 사용할 때 요청하는 범위의 수가 사용자 동의에 미치는 영향은 무엇인가요?\nA: 요청된 범위 수와 사용자 동의를 얻을 가능성 간에 역관계가 있을 수 있습니다. 따라서 OAuth 2.0 승인을 구현하기 전에 앱에서 액세스 권한이 필요한 범위를 지정하는 것이 좋습니다.'
 'Q: 사용자가 부여한 범위를 확인할 때 주의해야 할 점은 무엇인가요?\nA: 여러 권한 (범위)을 요청할 때 사용자가 앱에 모든 권한을 부여하지 않을 수 있습니다. 앱은 실제로 부여된 범위를 확인하고 일부 권한이 거부된 상황을 적절하게 처리해야 합니다. 일반적으로 거부된 범위를 사용하는 기능을 사용 중지하여 처리합니다.'
 'Q: 문서 내에 중첩 데이터를 사용할 때의 제한사항은 무엇인가요?\nA: 시간에 따라 데이터가 증가하는 경우 다른 옵션보다 확장성이 부족합니다. 목록이 커지면 문서도 커지므로 문서 검색 속도가 느려질 수 있습니다.']","네, 요청한 범위의 수가 많을수록 사용자 동의를 얻기 어려워질 수 있습니다. 이는 요청된 범위의 수와 사용자 동의를 얻을 가능성 사이에 역관계가 있기 때문입니다. 따라서, OAuth 2.0 승인을 구현하기 전에 앱에서 필요한 범위를 신중하게 지정하는 것이 좋습니다.",요청된 범위 수가 많으면 사용자 동의를 얻을 가능성이 낮아질 수 있습니다.
"As a beginner who is not familiar with Google APIs, could you please explain in detail how the Cloud Platform is affected when Google Cloud session control features are enabled, and what specific user actions or applications are impacted by these policies?","['Q: Google Cloud 세션 제어 기능이란 무엇이며, 어떤 영향을 미치나요?\nA: Google Cloud 세션 제어 기능을 사용하여 사용자가 GCP 리소스에 액세스하는 동안 사용자의 재인증을 자주 요구할 수 있습니다. 이 정책은 Google Cloud Console, Google Cloud SDK (gcloud CLI라고도 함), Cloud Platform 범위가 필요한 서드 파티 OAuth 애플리케이션에 대한 액세스에 영향을 미칩니다.'
 'Q: Google Cloud 세션 제어 기능이란 무엇이며, 어떤 영향을 미치나요?\nA: GCP 조직의 관리자는 Google Cloud 세션 제어 기능을 사용하여 사용자가 GCP 리소스에 액세스하는 동안 사용자의 재인증을 자주 요구할 수 있습니다. 이 정책은 Google Cloud Console, Google Cloud SDK (gcloud CLI라고도 함), Cloud Platform 범위가 필요한 서드 파티 OAuth 애플리케이션에 대한 액세스에 영향을 미칩니다.'
 'Q: Google Cloud Platform에서 세션 관리 정책이 적용되면 API 호출에 어떤 오류가 발생하나요?\nA: 사용자에게 세션 제어 정책이 적용되어 있는 경우 세션 기간이 만료되면 갱신 토큰이 취소된 경우와 마찬가지로 API 호출에 오류가 발생합니다. 호출이 오류 유형 invalid_grant로 실패합니다.'
 'Q: Google Cloud Platform API에서 관리자가 설정한 세션 길이를 초과하면 어떤 오류가 발생하나요?\nA: Google Cloud Platform API의 경우 관리자가 설정한 세션 길이가 초과되면 API 호출에 오류가 발생합니다. 호출이 오류 유형 invalid_grant로 실패하며, error_subtype 필드를 사용하여 취소된 토큰과 세션 제어 정책으로 인한 실패를 구분할 수 있습니다.'
 'Q: 세션 제어 정책이 적용된 경우, 사용자 인증 정보를 서버에 배포하면 어떤 문제가 발생하나요?\nA: 사용자 인증 정보를 서버에 배포하면, 고객이 이러한 사용자에게 세션 제어 정책을 적용하는 경우 세션 기간이 만료될 때 사용자를 다시 인증할 방법이 없으므로 서버 애플리케이션이 실패하게 됩니다.'
 'Q: 세션 기간이 만료되었을 때 사용자 인증 정보를 서버에 배포하면 어떤 문제가 발생하나요?\nA: 사용자 사용자 인증 정보가 장기 실행 작업 또는 작업을 위해 서버에 배포되고 고객이 이러한 사용자에게 세션 제어 정책을 적용하는 경우 세션 기간이 만료될 때 사용자를 다시 인증할 방법이 없으므로 서버 애플리케이션이 실패합니다.'
 'Q: 세션 쿠키를 인증한 후 권한 확인을 어떻게 수행하나요?\nA: 세션 쿠키를 인증한 후, 사용자 권한을 확인하기 위해 `decodedClaims`에서 특정 클레임을 확인합니다. 예를 들어, `if (Boolean.TRUE.equals(decodedToken.getClaims().get(""admin"")))`를 사용하여 사용자가 관리자 권한을 가지고 있는지 확인할 수 있습니다.'
 'Q: 차단 함수에서 사용자의 세션 클레임(sessionClaims)을 설정하는 방법은 무엇인가요?\nA: 차단 함수에서 사용자의 세션 클레임(sessionClaims)을 설정하려면, 사용자가 로그인할 때 IP 주소를 추적하고 이를 세션 클레임으로 설정할 수 있습니다. 예를 들어, 다음과 같이 구현할 수 있습니다.\n```javascript\nexport const beforesignedin = beforeUserSignedIn((event) => {\n    return {\n        sessionClaims: {\n            signInIpAddress: event.ipAddress,\n        }\n    };\n});\n```']","When Google Cloud session control features are enabled, they can significantly impact how users interact with Google Cloud Platform (GCP) resources. Specifically, these features require users to re-authenticate more frequently while accessing GCP resources. This policy affects access to the Google Cloud Console, Google Cloud SDK (also known as gcloud CLI), and third-party OAuth applications that require Cloud Platform scopes.

In practical terms, this means that users may experience more frequent prompts to verify their identity, which can affect their workflow if they are not prepared for these interruptions. Additionally, if a session control policy is applied and a user's session expires, API calls may fail with an ""invalid_grant"" error, similar to what happens when a refresh token is revoked. This can disrupt applications that rely on continuous access to GCP resources.

Furthermore, if user credentials are deployed on a server and a session control policy is applied, the server application may fail when the session expires, as there would be no way to re-authenticate the user automatically. This highlights the importance of designing applications with session control policies in mind to ensure they can handle re-authentication gracefully.","When Google Cloud session control features are enabled, administrators in a GCP organization can require users to re-authenticate more frequently while accessing GCP resources. This policy affects access to the Google Cloud Console, the Google Cloud SDK (also known as gcloud CLI), and third-party OAuth applications that require Cloud Platform scopes."
"firebase_functions 어떻게 쓰는지 잘 모르겠는데, Cloud Firestore에서 문서 바뀔 때마다 자동으로 뭔가 실행되게 하려면 firebase_functions에서 뭘 써야 되고, 예시 코드도 보여줄 수 있나요?","['Q: Cloud Firestore에서 문서 변경 시 트리거되는 이벤트를 처리하기 위해 Cloud Functions를 어떻게 설정하나요?\nA: Cloud Functions를 사용하면 코드를 배포하여 Cloud Firestore 데이터베이스의 변경을 통해 트리거되는 이벤트를 처리할 수 있습니다. 이를 위해 Cloud Functions for Firebase(2세대)를 사용하여 더 강력한 인프라와 성능을 활용할 수 있습니다.'
 ""Q: Cloud Firestore 데이터 내보내기를 위한 Cloud Functions를 설정하는 방법은 무엇인가요?\nA: Cloud Firestore 데이터 내보내기를 시작하는 Node.js Cloud 함수를 설정하려면 Firebase CLI를 설치한 후, 새 디렉터리에서 Cloud Functions용 CLI를 초기화하고, JavaScript를 선택한 후, functions/index.js 파일의 코드를 다음과 같이 바꿉니다.\n\n```javascript\n.schedule('every 24 hours')\n.onRun((context) => {\n\nreturn client.exportDocuments({\nname: databaseName,\noutputUriPrefix: bucket,\n// 여기서 YOUR_PROJECT_ID를 프로젝트 ID로 바꿉니다.\n// every 24 hours를 수정하여 내보내기 일정을 설정합니다.\n// AppEngine cron.yaml 구문 또는 unix-cron 형식을 사용합니다.\n// 지정된 컬렉션 그룹만 내보내도록 collectionIds: []를 수정합니다.\n});\n});\n```""
 'Q: Python에서 Cloud Firestore를 비동기적으로 초기화하는 방법은 무엇인가요?\nA: Python에서 Cloud Firestore를 비동기적으로 초기화하려면 다음 코드를 사용합니다:\n\n```python\nimport firebase_admin\nfrom firebase_admin import firestore_async\n\n# Application Default credentials are automatically created.\napp = firebase_admin.initialize_app()\ndb = firestore_async.client()\n```'
 'Q: Cloud Firestore에서 문서의 모든 변경사항에 대해 함수 트리거를 설정하는 방법은 무엇인가요?\nA: 다음은 사용자가 생성, 업데이트 또는 삭제될 때 실행되는 함수의 예시입니다.\n\n```python\nfrom firebase_functions.firestore_fn import (\n    on_document_written,\n    Event,\n    Change,\n    DocumentSnapshot,\n)\n\n@on_document_written(document=""users/{userId}"")\ndef myfunction(event: Event[Change[DocumentSnapshot | None]]) -> None:\n    # Get an object with the current document values.\n    # If the document does not exist, it was deleted.\n    document = (event.data.after.to_dict()\n    if event.data.after is not None else None)\n\n    # Get an object with the previous document values.\n    # If the document does not exist, it was newly created.\n    previous_values = (event.data.before.to_dict()\n    if event.data.before is not None else None)\n\n    # Perform more operations ...\n```'
 ""Q: Cloud Firestore에서 새 문서를 추가할 때 자동으로 문서 식별자를 생성하는 방법은 무엇인가요?\nA: 새 문서를 추가할 때 Cloud Firestore에서 자동으로 문서 식별자를 생성하려면 다음과 같은 코드를 사용할 수 있습니다.\n\n```javascript\ndb.collection('컬렉션 이름').add({\n  필드1: '값1',\n  필드2: '값2'\n});\n```""
 'Q: Cloud Firestore에서 문서가 업데이트될 때 트리거되는 함수를 작성하는 방법은 무엇인가요?\nA: 다음은 사용자가 프로필을 변경하면 실행되는 함수의 예시입니다.\n\n```python\nfrom firebase_functions.firestore_fn import (\n    on_document_updated,\n    Event,\n    Change,\n    DocumentSnapshot,\n)\n\n@on_document_updated(document=""users/{userId}"")\ndef myfunction(event: Event[Change[DocumentSnapshot]]) -> None:\n    # Get a dictionary representing the document\n    # e.g. {\'name\': \'Marie\', \'age\': 66}\n    new_value = event.data.after.to_dict()\n\n    # Access a particular field as you would any dictionary\n    name = new_value[""name""]\n\n    # Perform more operations ...\n```'
 'Q: Cloud Firestore에서 JavaScript를 사용하여 ID를 자동으로 생성하여 문서를 추가할 때 사용하는 코드 예시는 무엇인가요?\nA: 다음은 JavaScript에서 ID를 자동으로 생성하여 문서를 추가하는 코드 예시입니다.\n\n```javascript\nimport { collection, addDoc } from ""firebase/firestore"";\n\nawait addDoc(collection(db, ""cities""), data);\n```'
 ""Q: Firestore에서 Cloud Functions를 사용하여 특정 문서의 변경을 감지하는 방법은 무엇인가요?\nA: 특정 문서의 변경을 감지하려면 다음과 같이 Firestore 트리거를 정의할 수 있습니다. 문서 경로와 이벤트 유형을 지정합니다.\n\n```javascript\nconst functions = require('firebase-functions');\n\nexports.myFunction = functions.firestore\ndocument('my-collection/{docId}')\n.onWrite((change, context) => { /* ... */ });\n```""]","Cloud Firestore에서 문서가 변경될 때 자동으로 함수를 실행하려면 `firebase_functions`의 Firestore 트리거를 사용할 수 있습니다. 문서의 생성, 업데이트 또는 삭제 시 실행되는 함수의 예시는 다음과 같습니다:

```python
from firebase_functions.firestore_fn import (
    on_document_written,
    Event,
    Change,
    DocumentSnapshot,
)

@on_document_written(document=""users/{userId}"")
def myfunction(event: Event[Change[DocumentSnapshot | None]]) -> None:
    # 현재 문서 값을 가져옵니다.
    # 문서가 존재하지 않으면 삭제된 것입니다.
    document = (event.data.after.to_dict()
    if event.data.after is not None else None)

    # 이전 문서 값을 가져옵니다.
    # 문서가 존재하지 않으면 새로 생성된 것입니다.
    previous_values = (event.data.before.to_dict()
    if event.data.before is not None else None)

    # 추가 작업 수행 ...
```

이 코드는 `users/{userId}` 경로의 문서가 생성, 업데이트 또는 삭제될 때마다 실행됩니다. `event.data.after`와 `event.data.before`를 사용하여 문서의 현재 및 이전 상태를 확인할 수 있습니다.","Cloud Firestore에서 특정 문서의 모든 변경에 이벤트를 트리거하려면 onDocumentWritten 함수를 사용해야 합니다. 예시는 다음과 같습니다.

from firebase_functions.firestore_fn import (
    on_document_written,
    Event,
    Change,
    DocumentSnapshot,
)

@on_document_written(document=""users/marie"")
def myfunction(event: Event[Change[DocumentSnapshot]]) -> None:
    # Get an object with the current document values.
    # If the document does not exist, it was deleted.
    document = (event.data.after.to_dict()
                if event.data.after is not None else None)

    # Get an object with the previous document values.
    # If the document does not exist, it was newly created.
    previous_values = (event.data.before.to_dict()
                       if event.data.before is not None else None)

    # Perform more operations ..."
"Firebase에서 다단계 인증(MFA)을 사용할 때 Objective-C로 사용자 인증을 완료하는 방법과 관련된 코드 예시가 궁금합니다. 어떤 방식으로 인증 정보를 가져오고, Objective-C에서는 어떻게 구현하나요?",[],"죄송하지만, 제공된 문서에 관련 정보가 없기 때문에 Firebase에서 다단계 인증(MFA)을 사용할 때 Objective-C로 사용자 인증을 완료하는 방법에 대한 구체적인 코드 예시를 제공할 수 없습니다. Firebase 공식 문서를 참조하시거나, Firebase의 Objective-C SDK 관련 자료를 확인해 보시는 것을 추천드립니다. 추가적인 도움이 필요하시면 언제든지 말씀해 주세요!","다단계 인증(MFA) 사용 시 Firebase에서 사용자 인증을 완료하는 방법은 FIRMultiFactorResolver를 통해 다단계 인증 정보를 가져온 후, 선택한 인증 방법으로 인증을 완료해야 합니다. Objective-C에서는 다음과 같이 작성합니다: 
FIRMultiFactorAssertion *assertion = [FIRPhoneMultiFactorGenerator assertionWithCredential:credential];
[resolver resolveSignInWithAssertion:assertion completion:^(FIRAuthDataResult * _Nullable authResult, NSError * _Nullable error) {
if (error) {
[self showMessagePrompt:error.localizedDescription];
NSLog(@""Multi factor finanlize sign in succeeded."");
FIRUser *user = authResult.user;"
Java를 사용해서 Firestore에 문서를 추가할 때 어떤 코드를 사용하나요?,"['Q: Java에서 Firestore에 문서를 추가하는 방법은 무엇인가요?\nA: Java에서 Firestore에 문서를 추가하려면 `set()` 메서드를 사용하여 문서를 설정할 수 있습니다. 예를 들어, 다음과 같이 문서를 추가할 수 있습니다:\n\n```java\nCollectionReference cities = db.collection(""cities"");\n\nMap<String, Object> data1 = new HashMap<>();\ndata1.put(""name"", ""San Francisco"");\ndata1.put(""state"", ""CA"");\ndata1.put(""country"", ""USA"");\ndata1.put(""capital"", false);\ndata1.put(""population"", 860000);\ndata1.put(""regions"", Arrays.asList(""west_coast"", ""norcal""));\ncities.document(""SF"").set(data1);\n```'
 'Q: Java에서 Firestore에 문서를 추가할 때 사용하는 document() 메서드의 예시는 무엇인가요?\nA: Java에서 Firestore에 문서를 추가할 때 사용하는 document() 메서드의 예시는 다음과 같습니다.\n\n```java\nDocumentReference addedDocRef = db.collection(""cities"").document();\nSystem.out.println(""Added document with ID: "" + addedDocRef.getId());\n```'
 'Q: Java에서 Firestore에 문서를 추가할 때 사용하는 document() 메서드의 예시는 무엇인가요?\nA: Java에서 Firestore에 문서를 추가할 때 사용하는 document() 메서드의 예시는 다음과 같습니다.\n\n```java\nDocumentReference addedDocRef = db.collection(""cities"").document();\nSystem.out.println(""Added document with ID: "" + addedDocRef.getId());\n```'
 'Q: Java에서 Firestore에 데이터를 추가하는 방법은 무엇인가요?\nA: Java에서 Firestore에 데이터를 추가하려면 다음과 같은 코드를 사용할 수 있습니다. `DocumentReference`를 사용하여 문서를 참조하고, `set` 메서드를 통해 데이터를 추가합니다.\n\n```java\nDocumentReference docRef = db.collection(""users"").document(""alovelace"");\nMap<String, Object> data = new HashMap<>();\ndata.put(""first"", ""Ada"");\ndata.put(""last"", ""Lovelace"");\ndata.put(""born"", 1815);\nApiFuture<WriteResult> result = docRef.set(data);\nSystem.out.println(""Update time : "" + result.get().getUpdateTime());\n```'
 'Q: Firestore에서 문서를 추가하는 방법은 무엇인가요?\nA: Firestore에서 문서를 추가하려면 POST 요청을 사용해야 합니다. 다음은 문서를 추가하는 예시입니다.\n\n```\nPOST https://firestore.googleapis.com/v1/projects/{projectId}/databases/{databaseId}/documents/{collectionId}\n{\n  ""fields"": {\n    ""fieldName"": {""stringValue"": ""value""}\n  }\n}\n```\n여기서 {projectId}, {databaseId}, {collectionId}는 각각 프로젝트 ID, 데이터베이스 ID, 컬렉션 ID로 대체해야 하며, ""fieldName""과 ""value""는 추가할 필드와 값으로 변경해야 합니다.'
 'Q: Java에서 Firestore에 \'The Getty\'라는 이름과 \'museum\'이라는 유형을 가진 문서를 추가하는 방법은 무엇인가요?\nA: 다음과 같이 Firestore에 문서를 추가할 수 있습니다:\n\n```java\nbatch.Set(la_ref,{{""name"", FieldValue::String(""The Getty"")}, {""type"", FieldValue::String(""museum"")}});\n```'
 ""Q: Cloud Firestore에서 데이터베이스에 문서와 컬렉션을 추가하는 방법은 무엇인가요?\nA: Cloud Firestore에서 데이터베이스에 문서 및 컬렉션을 추가하려면 다음과 같은 방법을 사용할 수 있습니다. \n\n```javascript\n// Firestore 인스턴스 생성\nconst db = firebase.firestore();\n\n// 컬렉션에 문서 추가\ndb.collection('컬렉션명').add({\n    필드명: '값',\n    또_다른_필드명: '값'\n})\n.then((docRef) => {\n    console.log('문서 추가됨: ', docRef.id);\n})\n.catch((error) => {\n    console.error('문서 추가 오류: ', error);\n});\n```""
 'Q: Java에서 Cloud Firestore에 문서를 추가하는 방법은 무엇인가요?\nA: Java에서 Cloud Firestore에 문서를 추가하려면 다음과 같이 코드를 작성합니다:\n\n```java\nDocumentReference docRef = db.collection(""users"").document(""aturing"");\nMap<String, Object> data = new HashMap<>();\ndata.put(""first"", ""Alan"");\ndata.put(""middle"", ""Mathison"");\ndata.put(""last"", ""Turing"");\ndata.put(""born"", 1912);\n\nApiFuture<WriteResult> result = docRef.set(data);\nSystem.out.println(""Update time : "" + result.get().getUpdateTime());\n```']","Java를 사용하여 Firestore에 문서를 추가하려면 `DocumentReference`를 사용하여 문서를 참조하고, `set` 메서드를 통해 데이터를 추가할 수 있습니다. 다음은 예시 코드입니다:

```java
DocumentReference docRef = db.collection(""users"").document(""alovelace"");
Map<String, Object> data = new HashMap<>();
data.put(""first"", ""Ada"");
data.put(""last"", ""Lovelace"");
data.put(""born"", 1815);
ApiFuture<WriteResult> result = docRef.set(data);
System.out.println(""Update time : "" + result.get().getUpdateTime());
```

이 코드는 ""users"" 컬렉션에 ""alovelace""라는 문서를 추가하고, 해당 문서에 ""first"", ""last"", ""born"" 필드를 설정하는 방법을 보여줍니다.","다음은 Java에서 Firestore에 문서를 추가할 때 사용하는 코드 예시입니다.

```java
Map<String, Object> docData = new HashMap<>();
docData.put(""stringExample"", ""Hello, World"");
docData.put(""booleanExample"", false);
docData.put(""numberExample"", 3.14159265);
docData.put(""nullExample"", null);

ArrayList<Object> arrayExample = new ArrayList<>();
Collections.addAll(arrayExample, 5L, true, ""hello"");
docData.put(""arrayExample"", arrayExample);

Map<String, Object> objectExample = new HashMap<>();
objectExample.put(""a"", 5L);
objectExample.put(""b"", true);

docData.put(""objectExample"", objectExample);
```"
COLUMNS가 Dimension API에서 무슨 뜻인가요?,"['Q: ROWS와 COLUMNS의 차이점은 무엇인가요?\nA: ROWS는 시트의 행에서 작동하며, COLUMNS는 시트의 열에서 작동합니다. 따라서, 작업을 적용할 측정기준에 따라 적절한 값을 선택해야 합니다.'
 'Q: DeveloperMetadataLocationType 열거형에서 COLUMN은 어떤 경우에 사용되나요?\nA: COLUMN은 전체 열 측정기준에 연결된 개발자 메타데이터를 나타내는 경우에 사용됩니다.'
 'Q: DataSourceTable 객체의 columns 필드는 어떤 정보를 담고 있으며, 어떻게 사용하나요?\nA: columns 필드는 데이터 소스 표에 선택된 열을 나타내며, columnSelectionType이 SELECTED여야 합니다. 이 필드는 다음과 같이 사용됩니다:\n\n```json\n{\n  ""columns"": [\n    {\n      ""dataSourceColumnReference"": {\n        ""dataSourceId"": ""string"",\n        ""columnId"": ""string""\n      }\n    }\n  ]\n}\n```'
 'Q: QueryScope의 COLLECTION과 COLLECTION_GROUP의 차이는 무엇인가요?\nA: COLLECTION은 특정 문서의 자식인 컬렉션에 대해 쿼리를 허용하는 인덱스를 의미하며, COLLECTION_GROUP은 인덱스에 지정된 컬렉션 ID를 가진 모든 컬렉션에 대해 쿼리를 허용하는 인덱스를 의미합니다.'
 ""Q: Cursor의 필드 중 'values'는 어떤 역할을 하나요?\nA: 'values[]' | object (Value) The values that represent a position, in the order they appear in the order by clause of a query. Can contain fewer values than specified in the order by clause.""
 'Q: CONTAINS의 기능은 무엇인가요?\nA: CONTAINS는 인덱스가 배열 포함 쿼리를 지원함을 나타냅니다.'
 'Q: 모델의 featureColumns 필드는 어떤 정보를 포함하고 있나요?\nA: featureColumns 필드는 모델 추론을 위한 입력 특성 열을 포함하며, 모델이 TRANSFORM 절로 훈련된 경우, 이 필드는 TRANSFORM 절의 입력을 나타냅니다.'
 'Q: FeatureValue 객체의 featureColumn 필드는 어떤 정보를 포함하나요?\nA: featureColumn 필드는 클러스터 내의 특정 피처의 열 이름을 나타냅니다.']","COLUMNS는 Dimension API에서 시트의 열을 나타내며, 열에서 작업을 수행할 때 사용됩니다. 이는 ROWS가 시트의 행에서 작동하는 것과 대조됩니다. 작업을 적용할 측정기준에 따라 COLUMNS 또는 ROWS를 적절히 선택해야 합니다.",COLUMNS는 Dimension API에서 시트의 열에서 작동함을 의미합니다.
ttll이 뭐에요? 그리고 한도 같은거 있나요?,"['Q: TTL 정책을 적용할 때 한도 및 제약조건은 무엇인가요?\nA: 컬렉션 그룹당 하나의 필드만 TTL 필드로 표시할 수 있으며, 필드 수준 구성은 최대 500개까지 허용됩니다. Datastore 모드의 Firestore 고객은 TTL을 항목 그룹을 사용한 낙관적 동시 실행 모드와 함께 사용할 수 없습니다.'
 'Q: TTL 정책을 적용할 때 한도 및 제약조건은 무엇인가요?\nA: 컬렉션 그룹당 하나의 필드만 TTL 필드로 표시할 수 있으며, 필드 수준 구성은 최대 500개까지 허용됩니다. Datastore 모드의 Firestore 고객은 TTL을 항목 그룹을 사용한 낙관적 동시 실행 모드와 함께 사용할 수 없습니다.'
 'Q: 알림 채널의 TTL(수명)을 설정하는 방법은 무엇인가요?\nA: 알림 채널의 TTL(수명)은 요청 본문의 `params` 객체 내 `ttl` 속성을 통해 설정할 수 있습니다. 기본값은 604,800초입니다.'
 ""Q: 알림 채널을 설정할 때 'params' 필드에 포함할 수 있는 추가 매개변수는 무엇인가요?\nA: 'params' 필드에는 전송 채널 동작을 제어하는 추가 매개변수인 'ttl'이 포함될 수 있습니다. 'ttl'은 알림 채널의 수명(초)을 나타내며, 기본값은 604,800초입니다.""
 ""Q: 요청 본문에서 'params' 속성의 'ttl'은 무엇을 의미하나요?\nA: 'params' 속성의 'ttl'은 알림 채널의 수명(초)을 의미합니다. 기본값은 604,800초입니다.""
 'Q: document/ttl_expiration_to_deletion_delays 측정항목은 어떤 정보를 제공하나요?\nA: document/ttl_expiration_to_deletion_delays는 TTL이 있는 문서가 만료된 시점과 실제로 삭제된 시점 사이에 경과한 시간을 제공합니다.'
 'Q: TTL 필드 값을 설정할 때 고려해야 할 사항은 무엇인가요?\nA: TTL 필드 값은 미래, 현재 또는 과거의 시간일 수 있습니다. 값이 과거의 시간인 경우 문서는 즉시 삭제 가능한 대상이 될 수 있습니다. 예를 들어 expireAt 필드가 있는 TTL 정책을 만든 다음 기존 문서에 추가할 수 있습니다. 다른 데이터 유형을 사용하거나 TTL 필드 값을 설정하지 않으면 개별 문서에 TTL이 사용 중지됩니다.'
 'Q: TTL 필드의 값은 어떤 형식으로 설정할 수 있나요?\nA: TTL 필드 값은 미래, 현재 또는 과거의 시간일 수 있습니다. 값이 과거의 시간인 경우 문서는 즉시 삭제 가능한 대상이 될 수 있습니다.']","TTL은 ""Time to Live""의 약자로, 데이터가 유효한 기간을 설정하는 데 사용됩니다. Firestore에서 TTL 정책을 적용할 때의 한도 및 제약조건은 다음과 같습니다:

- 컬렉션 그룹당 하나의 필드만 TTL 필드로 표시할 수 있습니다.
- 필드 수준 구성은 최대 500개까지 허용됩니다.
- Datastore 모드의 Firestore 고객은 TTL을 항목 그룹을 사용한 낙관적 동시 실행 모드와 함께 사용할 수 없습니다.

이 정보는 Firestore의 TTL 정책에 관한 것입니다. 추가적인 질문이 있으시면 말씀해 주세요!","컬렉션 그룹당 하나의 필드만 TTL 필드로 표시할 수 있고, 필드 수준 구성은 최대 500개까지 허용됩니다. 또한 Datastore 모드의 Firestore 고객은 TTL을 항목 그룹을 사용한 낙관적 동시 실행 모드와 함께 사용할 수 없습니다."
Me want know what FUNCTION_ENTRYPOINT do in gcloud run deploy command?,"['Q: gcloud CLI를 사용하여 Cloud Run 함수를 배포한 후 트리거를 만드는 과정은 어떻게 되나요?\nA: 먼저 함수를 배포한 후, 다음 명령어를 실행하여 트리거를 만듭니다.\n\n```bash\ngcloud run deploy FUNCTION \\\n--source . \\\n--function FUNCTION_ENTRYPOINT \\\n--base-image BASE_IMAGE_ID \\\n--region REGION\n```\n\n그 후, 이벤트를 필터링하는 트리거를 생성하는 명령어를 실행합니다.'
 'Q: gcloud 명령어를 사용하여 데이터베이스에 대한 액세스 권한을 부여할 때 필요한 파라미터는 무엇인가요?\nA: gcloud 명령어를 사용하여 데이터베이스에 대한 액세스 권한을 부여할 때 필요한 파라미터는 다음과 같습니다:\n- `PROJECT_ID`: 프로젝트 ID\n- `EMAIL`: 특정 Google 계정을 나타내는 이메일 주소\n- `DATABASE_ID`: 데이터베이스 ID\n- `DESCRIPTION`: 표현식의 설명(선택사항)'
 'Q: Cloud Run 호출자 역할을 Compute Engine 기본 서비스 계정에 부여하는 방법은 무엇인가요?\nA: Cloud Run 호출자 역할을 Compute Engine 기본 서비스 계정에 부여하려면 다음 명령어를 실행하세요:\n\n```bash\ngcloud projects add-iam-policy-binding PROJECT_ID \\\n--member=serviceAccount:PROJECT_NUMBER-compute@developer.gserviceaccount.com \\\n--role=roles/run.invoker\n```'
 'Q: gcloud CLI를 사용하여 Firestore 이벤트를 필터링하는 트리거를 만드는 방법은 무엇인가요?\nA: 다음 명령어를 실행하여 이벤트를 필터링하는 트리거를 만듭니다.\n\n```bash\ngcloud eventarc triggers create TRIGGER_NAME  \\\n--location=EVENTARC_TRIGGER_LOCATION \\\n--destination-run-service=FUNCTION  \\\n--destination-run-region=REGION \\\n--event-filters=""type=google.cloud.firestore.document.v1.created"" \\\n--service-account=PROJECT_NUMBER-compute@developer.gserviceaccount.com\n```\n\nTRIGGER_NAME을 트리거 이름으로, EVENTARC_TRIGGER_LOCATION을 Eventarc 트리거 위치로, FUNCTION을 배포하려는 함수의 이름으로, REGION을 함수의 Cloud Run 리전으로, PROJECT_NUMBER를 Google Cloud 프로젝트 번호로 바꿉니다.'
 ""Q: Cloud Firestore에서 백업을 복원하기 위해 gcloud CLI에서 사용할 수 있는 명령어는 무엇인가요?\nA: 백업을 복원하기 위해 gcloud CLI에서 다음 명령어를 사용합니다.\n\n```bash\ngcloud firestore databases restore \\\n--source-backup=projects/PROJECT_ID/locations/LOCATION/backups/BACKUP_ID \\\n--destination-database='DATABASE_ID' \\\n--tags=[KEY=VALUE]\n```\n\n여기서 PROJECT_ID는 프로젝트 ID, LOCATION은 데이터베이스 백업 위치, BACKUP_ID는 백업의 ID, DATABASE_ID는 새 데이터베이스의 ID입니다.""
 'Q: gcloud 명령어를 사용하여 PITR을 사용 설정할 때 필요한 파라미터는 무엇인가요?\nA: gcloud 명령어를 사용하여 PITR을 사용 설정할 때는 다음과 같은 파라미터가 필요합니다:\n- LOCATION: 데이터베이스를 만들 위치\n- DATABASE_ID: 데이터베이스 ID로 설정\n\n아래는 gcloud 명령어 예시입니다.\n\n```bash\ngcloud firestore databases create\\\n  --location=LOCATION\\\n  --database=DATABASE_ID\\\n  --type=firestore-native\\\n  --enable-pitr\n```'
 'Q: Cloud Run에서 Firestore 이벤트를 필터링하는 트리거를 만드는 방법은 무엇인가요?\nA: 다음 명령어를 실행하여 이벤트를 필터링하는 트리거를 만듭니다.\n\n```bash\ngcloud eventarc triggers create TRIGGER_NAME  \\\n--location=EVENTARC_TRIGGER_LOCATION \\\n--destination-run-service=FUNCTION  \\\n--destination-run-region=REGION \\\n--event-filters=""type=google.cloud.firestore.document.v1.created"" \\\n--service-account=PROJECT_NUMBER-compute@developer.gserviceaccount.com\n```\n\n여기서 TRIGGER_NAME을 트리거 이름으로, EVENTARC_TRIGGER_LOCATION을 Eventarc 트리거 위치로, FUNCTION을 배포하려는 함수의 이름으로, REGION을 함수의 Cloud Run 리전으로, PROJECT_NUMBER를 Google Cloud 프로젝트 번호로 바꿉니다.'
 'Q: gcloud 명령어를 사용하여 내보내기 또는 가져오기 작업의 상태를 확인하는 방법은 무엇인가요?\nA: gcloud firestore operations describe [OPERATION_NAME] 명령어를 사용하세요.']",The `FUNCTION_ENTRYPOINT` in the `gcloud run deploy` command specifies the entry point of the function you are deploying. It is the function within your code that will be executed when the Cloud Run service is triggered. This parameter is crucial as it tells the deployment which specific function to run from your codebase.,FUNCTION_ENTRYPOINT는 gcloud run deploy 명령어에서 함수의 진입점을 지정하는 데 사용됩니다.
Google 피트니스 심박수 데이터 읽기 권한 범위는?,"['Q: Google 피트니스에서 심박수 데이터를 확인하기 위해 필요한 OAuth 2.0 범위는 무엇인가요?\nA: Google 피트니스에서 내 심박수 데이터를 확인하기 위해 필요한 OAuth 2.0 범위는 https://www.googleapis.com/auth/fitness.heart_rate.read 입니다.'
 'Q: Google 피트니스에서 혈당 정보를 추가하기 위해 필요한 OAuth 2.0 범위는 무엇인가요?\nA: Google 피트니스에 혈당 정보를 추가하기 위해 필요한 OAuth 2.0 범위는 https://www.googleapis.com/auth/fitness.blood_glucose.write 입니다.'
 'Q: Google 피트니스에서 영양 정보를 확인하기 위해 필요한 OAuth 2.0 범위는 무엇인가요?\nA: Google 피트니스에서 영양 정보를 확인하기 위해 필요한 OAuth 2.0 범위는 https://www.googleapis.com/auth/fitness.nutrition.read 입니다.'
 'Q: Google 피트니스에서 체온 정보를 추가하기 위해 필요한 OAuth 2.0 범위는 무엇인가요?\nA: Google 피트니스의 체온 정보에 추가하기 위해 필요한 OAuth 2.0 범위는 https://www.googleapis.com/auth/fitness.body_temperature.write 입니다.'
 'Q: Google 피트니스에서 내 수면 데이터를 확인하기 위해 필요한 OAuth 2.0 범위는 무엇인가요?\nA: 내 수면 데이터를 확인하기 위해 필요한 OAuth 2.0 범위는 다음과 같습니다: \n```\nhttps://www.googleapis.com/auth/fitness.sleep.read\n```'
 'Q: Google 피트니스에서 수면 데이터를 추가하기 위해 필요한 OAuth 2.0 범위는 무엇인가요?\nA: Google 피트니스의 수면 데이터에 추가하기 위해 필요한 OAuth 2.0 범위는 https://www.googleapis.com/auth/fitness.sleep.write 입니다.'
 'Q: Google 피트니스에서 생식 건강 정보를 추가하기 위해 필요한 OAuth 2.0 범위는 무엇인가요?\nA: 생식 건강 정보를 추가하기 위해 필요한 OAuth 2.0 범위는 다음과 같습니다: \n```\nhttps://www.googleapis.com/auth/fitness.reproductive_health.write\n```'
 'Q: Google 피트니스의 수면 데이터에 추가하기 위해 필요한 OAuth 2.0 범위는 무엇인가요?\nA: 수면 데이터에 추가하기 위해 필요한 OAuth 2.0 범위는 다음과 같습니다: \n```\nhttps://www.googleapis.com/auth/fitness.sleep.write\n```']","Google 피트니스에서 심박수 데이터를 확인하기 위해 필요한 OAuth 2.0 범위는 다음과 같습니다:

```
https://www.googleapis.com/auth/fitness.heart_rate.read
```",Google 피트니스에서 심박수 데이터를 확인하기 위해 필요한 OAuth 2.0 범위는 https://www.googleapis.com/auth/fitness.heart_rate.read 입니다.
projets.databeses.gte 메서드 쓸때 HTTP 리퀘스트 포맷이 뭐에요?,"['Q: projects.databases.get 메서드를 호출할 때 필요한 HTTP 요청 형식은 무엇인가요?\nA: HTTP 요청 형식은 다음과 같습니다:\n```\nGET https://firestore.googleapis.com/v1/{name=projects/*/databases/*}\n```'
 'Q: projects.databases.operations.get 메서드의 HTTP 요청 형식은 어떻게 되나요?\nA: HTTP 요청 형식은 다음과 같습니다:\n```\nGET https://firestore.googleapis.com/v1/{name=projects/*/databases/*/operations/*}\n```\n이 URL은 gRPC Transcoding 구문을 사용합니다.'
 'Q: exportDocuments 메서드를 호출할 때 필요한 HTTP 요청의 형식은 무엇인가요?\nA: HTTP 요청은 다음과 같은 형식으로 이루어집니다:\n\n```http\nPOST https://firestore.googleapis.com/v1beta2/{name=projects/*/databases/*}:exportDocuments\n```\n\n여기서 `{name}`은 export할 데이터베이스를 나타내며, 형식은 `projects/{projectId}/databases/{databaseId}`입니다.'
 'Q: operations.get 메서드의 HTTP 요청 형식은 어떻게 되나요?\nA: operations.get 메서드는 다음과 같은 HTTP 요청 형식을 사용합니다:\n```\nGET https://www.googleapis.com/drive/v3/operations/{name}\n```\n여기서 {name}은 작업 리소스의 이름입니다.'
 ""Q: documents.batchWrite 메서드를 호출할 때 필요한 HTTP 요청 형식은 무엇인가요?\nA: HTTP 요청 형식은 다음과 같습니다:\n\n```\nPOST https://firestore.googleapis.com/v1/{database=projects/*/databases/*}/documents:batchWrite\n```\n\n여기서 'database'는 필수 파라미터로, 데이터베이스 이름을 지정해야 합니다.""
 'Q: projects.locations.get 메서드를 호출할 때 필요한 HTTP 요청 형식은 무엇인가요?\nA: HTTP 요청 형식은 다음과 같습니다:\n\n```\nGET https://firestore.googleapis.com/v1/{name=projects/*/locations/*}\n```\n이 URL은 gRPC Transcoding 구문을 사용합니다.'
 'Q: projects.databases.userCreds.get 메서드를 호출할 때 필요한 HTTP 요청 형식은 무엇인가요?\nA: HTTP 요청 형식은 다음과 같습니다:\n\n```\nGET https://firestore.googleapis.com/v1/{name=projects/*/databases/*/userCreds/*}\n```\nURL은 gRPC Transcoding 구문을 사용합니다.'
 'Q: projects.databases.userCreds.get 메서드를 호출할 때 필요한 HTTP 요청 형식은 무엇인가요?\nA: HTTP 요청 형식은 다음과 같습니다:\n\n```\nGET https://firestore.googleapis.com/v1/{name=projects/*/databases/*/userCreds/*}\n```\nURL은 gRPC Transcoding 구문을 사용합니다.']","""projects.databases.get"" 메서드를 호출할 때 필요한 HTTP 요청 형식은 다음과 같습니다:

```
GET https://firestore.googleapis.com/v1/{name=projects/*/databases/*}
```

이 형식을 사용하여 요청을 보내시면 됩니다.","HTTP 요청 형식은 다음과 같습니다:
```
GET https://firestore.googleapis.com/v1/{name=projects/*/databases/*}
```"
"Google Developers Console을 활용하여 YouTube Data API를 사용 설정하려면 어떤 절차를 따라야 하며, 첫 번째 단계에서 반드시 수행해야 하는 작업은 무엇입니까?","['Q: YouTube Data API를 사용 설정하기 위한 첫 번째 단계는 무엇인가요?\nA: 이 마법사 (https://console.developers.google.com/start/api?id=youtube&hl=ko)를 사용하여 Google Developers Console에서 프로젝트를 만들거나 선택하고 API를 자동으로 사용 설정하세요. 계속을 클릭한 다음 사용자 인증 정보로 이동을 클릭합니다.'
 'Q: YouTube Data API를 사용 설정하는 첫 번째 단계는 무엇인가요?\nA: 이 마법사를 사용하여 Google Developers Console에서 프로젝트를 만들거나 선택하고 API를 자동으로 사용 설정하세요. 계속을 클릭한 다음 사용자 인증 정보로 이동을 클릭합니다.'
 'Q: YouTube Data API를 사용 설정하기 위한 첫 번째 단계는 무엇인가요?\nA: Google Developers Console에서 프로젝트를 만들거나 선택하고 API를 자동으로 사용 설정하는 마법사를 사용합니다. 계속을 클릭한 다음 사용자 인증 정보로 이동을 클릭합니다.'
 'Q: Google API Console에서 YouTube Data API를 사용 설정하는 방법은 무엇인가요?\nA: Google API Console에서 YouTube Data API를 사용 설정하려면 다음 단계를 따르세요.\n1. Google API Console에서 API Library를 엽니다.\n2. 프로젝트를 선택하거나 새 프로젝트를 만듭니다.\n3. 라이브러리 페이지를 사용하여 YouTube Data API를 찾아 사용 설정합니다.'
 'Q: YouTube Data API를 사용하기 위해 필요한 첫 번째 단계는 무엇인가요?\nA: YouTube Data API를 사용하기 위해서는 Google 계정이 필요하며, Google Developers Console에서 프로젝트를 만들고 API 키를 요청해야 합니다.'
 'Q: YouTube Data API를 사용하기 위해 API를 사용 설정하는 방법은 무엇인가요?\nA: YouTube Data API를 사용하기 위해서는 Google API Console에서 해당 API를 사용 설정해야 합니다. 다음 단계를 따르세요:\n1. Google API Console에서 API Library를 엽니다.\n2. 프로젝트를 선택하거나 새 프로젝트를 만듭니다.\n3. 라이브러리 페이지를 사용하여 YouTube Data API를 찾아 사용 설정합니다.'
 'Q: YouTube Data API를 사용하기 위해 프로젝트에서 API를 사용 설정하는 방법은 무엇인가요?\nA: 프로젝트에서 API를 사용 설정하려면 다음 단계를 따르세요.\n1. Google API Console에서 Open the API Library을 사용합니다.\n2. If prompted, select a project, or create a new one.\n3. 라이브러리 페이지를 사용하여 YouTube Data API를 찾아 사용 설정합니다. 애플리케이션에서 사용할 다른 API를 찾아 사용 설정합니다.'
 'Q: YouTube Data API를 사용하기 위해 API를 사용 설정하는 방법은 무엇인가요?\nA: Google API를 호출하는 애플리케이션은 API Console에서 해당 API를 사용 설정해야 합니다. 프로젝트에서 API를 사용 설정하려면 다음 단계를 따르세요.\n1. Google API Console에서 Open the API Library을 사용합니다.\n2. If prompted, select a project, or create a new one.\n3. 라이브러리 페이지를 사용하여 YouTube Data API를 찾아 사용 설정합니다. 애플리케이션에서 사용할 다른 API를 찾아 사용 설정합니다.']","YouTube Data API를 사용 설정하기 위해 Google Developers Console을 활용하는 절차는 다음과 같습니다:

1. Google Developers Console에서 프로젝트를 만들거나 선택합니다.
2. API를 자동으로 사용 설정하는 마법사를 사용합니다.
3. 계속을 클릭한 다음 사용자 인증 정보로 이동을 클릭합니다.

첫 번째 단계에서 반드시 수행해야 하는 작업은 Google Developers Console에서 프로젝트를 만들거나 선택하는 것입니다.","YouTube Data API를 사용 설정하기 위한 첫 번째 단계는 Google Developers Console에서 프로젝트를 만들거나 선택하고, API를 자동으로 사용 설정하는 마법사를 사용하는 것입니다. 이후 계속을 클릭한 다음 사용자 인증 정보로 이동을 클릭해야 합니다."
firsetore users 데이타 가져오려면 어떻게하나요? users 콜렉션에서 모든 users 정보 뽑는 코드 알려주세요.,"['Q: Firestore에서 \'users\' 컬렉션의 모든 데이터를 읽어오는 방법은 무엇인가요?\nA: CollectionReference usersRef = db.Collection(""users"");\nusersRef.GetSnapshotAsync().ContinueWithOnMainThread(task =>\nQuerySnapshot snapshot = task.Result;\nforeach (DocumentSnapshot document in snapshot.Documents)\nDebug.Log(String.Format(""User: {0}"", document.Id));'
 'Q: Python에서 Firestore에서 데이터를 읽어올 때, 전체 컬렉션을 검색하는 방법은 무엇인가요?\nA: Python에서 Firestore에서 전체 컬렉션을 검색하려면 `get` 메서드를 사용합니다. 아래는 예제 코드입니다.\n\n```python\nusers_ref = db.collection(""users"")\ndocs = users_ref.stream()\n\nfor doc in docs:\n    print(f""{doc.id} => {doc.to_dict()}"")\n```'
 'Q: Python에서 Firestore에서 데이터를 읽어올 때, 전체 컬렉션을 검색하는 방법은 무엇인가요?\nA: Python에서 Firestore에서 전체 컬렉션을 검색하려면 `get` 메서드를 사용합니다. 아래는 예제 코드입니다.\n\n```python\nusers_ref = db.collection(""users"")\ndocs = users_ref.stream()\n\nfor doc in docs:\n    print(f""{doc.id} => {doc.to_dict()}"")\n```'
 'Q: Ruby에서 Cloud Firestore의 \'users\' 컬렉션에서 모든 문서를 가져오는 방법은 무엇인가요?\nA: Ruby에서 Cloud Firestore의 \'users\' 컬렉션에서 모든 문서를 가져오려면 다음과 같이 코드를 작성할 수 있습니다.\n\n```ruby\nusers_ref = firestore.col ""users""\nusers_ref.get do |user|\n  puts ""#{user.document_id} data: #{user.data}.""\nend\n```'
 'Q: C#에서 Cloud Firestore의 \'users\' 컬렉션에서 모든 문서를 가져오는 방법은 무엇인가요?\nA: 다음 코드를 사용하여 C#에서 \'users\' 컬렉션의 모든 문서를 가져올 수 있습니다.\n\n```csharp\nCollectionReference usersRef = db.Collection(""users"");\nQuerySnapshot snapshot = await usersRef.GetSnapshotAsync();\nforeach (DocumentSnapshot document in snapshot.Documents) {\n    Debug.Log(String.Format(""User: {0}"", document.Id));\n    Dictionary<string, object> documentDictionary = document.ToDictionary();\n    Debug.Log(String.Format(""First: {0}"", documentDictionary[""First""]));\n    if (documentDictionary.ContainsKey(""Middle""))\n        Debug.Log(String.Format(""Middle: {0}"", documentDictionary[""Middle""]));\n}\n```'
 'Q: Python에서 Cloud Firestore의 \'users\' 컬렉션에서 모든 문서를 가져오는 방법은 무엇인가요?\nA: 다음 코드를 사용하여 Python에서 \'users\' 컬렉션의 모든 문서를 가져올 수 있습니다.\n\n```python\nusers_ref = db.collection(""users"")\ndocs = users_ref.stream()\n\nfor doc in docs:\n    print(f""{doc.id} => {doc.to_dict()}"")\n```'
 ""Q: PHP에서 Cloud Firestore의 'users' 컬렉션에서 모든 문서를 가져오는 방법은 무엇인가요?\nA: 다음 코드를 사용하여 PHP에서 'users' 컬렉션의 모든 문서를 가져올 수 있습니다.\n\n```php\n$usersRef = $db->collection('samples/php/users');\n$snapshot = $usersRef->documents();\nforeach ($snapshot as $user) {\n    printf('User: %s' . PHP_EOL, $user->id());\n    printf('First: %s' . PHP_EOL, $user['first']);\n    if (!empty($user['middle'])) {\n        printf('Middle: %s' . PHP_EOL, $user['middle']);\n        printf('Born: %d' . PHP_EOL, $user['born']);\n    }\n}\n```""
 'Q: Unity에서 Cloud Firestore의 \'users\' 컬렉션에서 모든 문서를 가져오는 방법은 무엇인가요?\nA: Unity에서 \'users\' 컬렉션의 모든 문서를 가져오려면 다음과 같이 코드를 작성할 수 있습니다.\n\n```csharp\nCollectionReference usersRef = db.Collection(""users"");\nusersRef.GetSnapshotAsync().ContinueWithOnMainThread(task =>\n{\n    QuerySnapshot snapshot = task.Result;\n    foreach (DocumentSnapshot document in snapshot.Documents)\n    {\n        Debug.Log(String.Format(""User: {0}"", document.Id));\n    }\n});\n```']","Firestore의 'users' 컬렉션에서 모든 문서를 가져오는 방법은 사용하는 프로그래밍 언어에 따라 다릅니다. 아래에 몇 가지 예제를 제공합니다.

1. **Python**:
   ```python
   users_ref = db.collection(""users"")
   docs = users_ref.stream()

   for doc in docs:
       print(f""{doc.id} => {doc.to_dict()}"")
   ```

2. **C#**:
   ```csharp
   CollectionReference usersRef = db.Collection(""users"");
   QuerySnapshot snapshot = await usersRef.GetSnapshotAsync();
   foreach (DocumentSnapshot document in snapshot.Documents) {
       Debug.Log(String.Format(""User: {0}"", document.Id));
       Dictionary<string, object> documentDictionary = document.ToDictionary();
       Debug.Log(String.Format(""First: {0}"", documentDictionary[""First""]));
       if (documentDictionary.ContainsKey(""Middle""))
           Debug.Log(String.Format(""Middle: {0}"", documentDictionary[""Middle""]));
   }
   ```

3. **PHP**:
   ```php
   $usersRef = $db->collection('samples/php/users');
   $snapshot = $usersRef->documents();
   foreach ($snapshot as $user) {
       printf('User: %s' . PHP_EOL, $user->id());
       printf('First: %s' . PHP_EOL, $user['first']);
       if (!empty($user['middle'])) {
           printf('Middle: %s' . PHP_EOL, $user['middle']);
           printf('Born: %d' . PHP_EOL, $user['born']);
       }
   }
   ```

4. **Ruby**:
   ```ruby
   users_ref = firestore.col ""users""
   users_ref.get do |user|
     puts ""#{user.document_id} data: #{user.data}.""
   end
   ```

5. **Unity (C#)**:
   ```csharp
   CollectionReference usersRef = db.Collection(""users"");
   usersRef.GetSnapshotAsync().ContinueWithOnMainThread(task =>
   {
       QuerySnapshot snapshot = task.Result;
       foreach (DocumentSnapshot document in snapshot.Documents)
       {
           Debug.Log(String.Format(""User: {0}"", document.Id));
       }
   });
   ```

각 언어에 맞는 코드를 사용하여 'users' 컬렉션의 모든 문서를 가져올 수 있습니다.","Firestore에서 users 콜렉션의 모든 users 정보를 가져오려면 다음과 같은 코드를 사용할 수 있습니다:

```javascript
await db.collection(""users"").get().then((event) => {
    for (var doc in event.docs) {
        print(""${doc.id} => ${doc.data()}"");
    }
});
```"
Python에서 Cloud Firestore 초기화 방법,"['Q: Cloud Firestore를 Python에서 초기화하는 방법은 무엇인가요?\nA: Python에서 Cloud Firestore를 초기화하려면 다음과 같은 코드를 사용할 수 있습니다.\n\n```python\nimport firebase_admin\nfrom firebase_admin import firestore\n\n# Application Default credentials are automatically created.\napp = firebase_admin.initialize_app()\ndb = firestore.client()\n```'
 'Q: Python에서 Cloud Firestore를 초기화하는 방법은 무엇인가요?\nA: Python에서 Cloud Firestore를 초기화하는 방법은 다음과 같습니다. Application Default credentials를 사용하는 예시입니다:\n\n```python\nimport firebase_admin\nfrom firebase_admin import firestore\n\n# Application Default credentials are automatically created.\napp = firebase_admin.initialize_app()\ndb = firestore.client()\n```'
 'Q: Cloud Firestore를 Python에서 비동기 클라이언트를 사용하여 초기화하는 방법은 무엇인가요?\nA: Cloud Firestore를 Python에서 비동기 클라이언트를 사용하여 초기화하려면 다음 코드를 사용합니다:\n\n```python\nimport firebase_admin\nfrom firebase_admin import firestore_async\n\n# Application Default credentials are automatically created.\napp = firebase_admin.initialize_app()\ndb = firestore_async.client()\n```'
 ""Q: Cloud Firestore를 Python에서 서비스 계정을 사용하여 초기화하는 방법은 무엇인가요?\nA: Cloud Firestore를 Python에서 서비스 계정을 사용하여 초기화하려면 다음 코드를 사용합니다:\n\n```python\nimport firebase_admin\nfrom firebase_admin import credentials\nfrom firebase_admin import firestore\n\n# Use a service account.\ncred = credentials.Certificate('path/to/serviceAccount.json')\n\napp = firebase_admin.initialize_app(cred)\ndb = firestore.client()\n```""
 'Q: Cloud Firestore를 Python에서 비동기 클라이언트를 사용하여 초기화할 때 사용하는 코드 예시는 무엇인가요?\nA: Cloud Firestore를 Python에서 비동기 클라이언트를 사용하여 초기화하는 방법은 다음과 같습니다.\n\n```python\nimport firebase_admin\nfrom firebase_admin import credentials\nfrom firebase_admin import firestore_async\n\n# Use the application default credentials.\ncred = credentials.ApplicationDefault()\n\nfirebase_admin.initialize_app(cred)\ndb = firestore_async.client()\n```'
 ""Q: Cloud Firestore를 Python에서 서비스 계정을 사용하여 초기화할 때 사용하는 코드 예시는 무엇인가요?\nA: Cloud Firestore를 Python에서 서비스 계정을 사용하여 초기화하는 방법은 다음과 같습니다.\n\n```python\nimport firebase_admin\nfrom firebase_admin import credentials\nfrom firebase_admin import firestore\n\n# Use a service account.\ncred = credentials.Certificate('path/to/serviceAccount.json')\n\napp = firebase_admin.initialize_app(cred)\ndb = firestore.client()\n```""
 'Q: Cloud Firestore SDK를 Python에서 초기화하는 방법은 무엇인가요?\nA: Cloud Firestore SDK를 Python에서 초기화하는 방법은 다음과 같습니다.\n\n```python\nimport firebase_admin\nfrom firebase_admin import firestore\n\n# Application Default credentials are automatically created.\napp = firebase_admin.initialize_app()\ndb = firestore.client()\n```'
 'Q: Cloud Firestore SDK를 Python에서 초기화하는 방법은 무엇인가요?\nA: Cloud Firestore SDK를 Python에서 초기화하는 방법은 다음과 같습니다.\n\n```python\nimport firebase_admin\nfrom firebase_admin import firestore\n\n# Application Default credentials are automatically created.\napp = firebase_admin.initialize_app()\ndb = firestore.client()\n```']","Python에서 Cloud Firestore를 초기화하는 방법은 다음과 같습니다. Application Default credentials를 사용하는 예시입니다:

```python
import firebase_admin
from firebase_admin import firestore

# Application Default credentials are automatically created.
app = firebase_admin.initialize_app()
db = firestore.client()
```

이 코드를 사용하여 Cloud Firestore를 초기화할 수 있습니다.","Cloud Firestore를 Python에서 서비스 계정을 사용하여 초기화하려면 다음 코드를 사용합니다:

import firebase_admin
from firebase_admin import credentials
from firebase_admin import firestore

# Use a service account.
cred = credentials.Certificate('path/to/serviceAccount.json')

app = firebase_admin.initialize_app(cred)
db = firestore.client()"
"BigQuery에서 쿼리 실행 단계의 병렬 입력 세그먼트 수를 확인하고자 할 때, 사용자가 참고해야 하는 필드는 무엇이며, 이 필드를 통해 어떤 정보를 얻을 수 있는지 상세히 설명해 주시겠습니까?","[""Q: BigQuery에서 쿼리 실행 단계의 병렬 입력 세그먼트 수를 확인하려면 어떤 필드를 사용해야 하나요?\nA: 쿼리 실행 단계의 병렬 입력 세그먼트 수는 'parallelInputs' 필드를 사용하여 확인할 수 있습니다.""
 ""Q: BigQuery에서 쿼리 실행 단계의 완료된 병렬 입력 세그먼트 수를 확인하려면 어떤 필드를 사용해야 하나요?\nA: 쿼리 실행 단계의 완료된 병렬 입력 세그먼트 수는 'completedParallelInputs' 필드를 사용하여 확인할 수 있습니다.""
 ""Q: BigQuery에서 LOAD 쿼리의 입력 파일 수를 확인하려면 어떤 필드를 사용해야 하나요?\nA: 'inputFiles' 필드를 사용하여 LOAD 쿼리의 입력 파일 수를 확인할 수 있습니다.""
 'Q: BigQuery에서 쿼리 단계의 입력 데이터 변경 통찰력을 확인하려면 어떤 필드를 사용해야 하나요?\nA: 쿼리 단계의 입력 데이터 변경 통찰력을 확인하려면 StagePerformanceChangeInsight 필드를 사용해야 합니다. 이 필드는 이전 실행과 비교한 입력 데이터 변경 통찰력을 제공합니다.'
 ""Q: BigQuery에서 쿼리 작업의 총 처리 바이트 수를 확인하려면 어떤 필드를 사용해야 하나요?\nA: 쿼리 작업의 총 처리 바이트 수를 확인하려면 'totalBytesProcessed' 필드를 사용해야 합니다. 이 필드는 작업에 대해 처리된 총 바이트 수를 나타냅니다.""
 ""Q: BigQuery에서 쿼리 실행 단계의 현재 상태를 확인하려면 어떤 필드를 사용해야 하나요?\nA: 쿼리 실행 단계의 현재 상태는 'status' 필드를 사용하여 확인할 수 있습니다.""
 ""Q: BigQuery에서 쿼리 실행 단계의 현재 상태를 확인하려면 어떤 필드를 사용해야 하나요?\nA: 'status' 필드를 사용하여 쿼리 실행 단계의 현재 상태를 확인할 수 있습니다.""
 ""Q: BigQuery에서 쿼리 실행 단계의 고유 ID를 확인하려면 어떤 필드를 사용해야 하나요?\nA: 쿼리 실행 단계의 고유 ID는 'id' 필드에서 확인할 수 있습니다.""
 'Q: FieldMetadata의 verified 필드는 어떤 정보를 나타내나요?\nA: verified 필드는 필드가 인증된 경우 true이고, 필드가 확인되지 않은 경우 false입니다. 확인된 필드는 일반적으로 사용자가 소유한 것으로 확인된 이름, 이메일 주소, 전화번호 또는 웹사이트입니다.'
 'Q: dataSourceFormula 필드는 어떤 정보를 포함하고 있으며, 어떻게 활용되나요?\nA: dataSourceFormula 필드(DataSourceFormula)는 출력 전용으로, 셀의 데이터 소스 수식에 관한 정보를 담고 있습니다. userEnteredValue가 일부 DATA_SOURCE 시트를 참조하는 수식인 경우 이 필드가 설정됩니다.'
 'Q: People API에서 관계 필드의 type 필드는 어떤 값을 가질 수 있나요?\nA: 관계 필드의 type 필드는 커스텀 값 또는 다음 사전 정의된 값 중 하나일 수 있습니다: spouse, child, mother, father, parent, brother, sister, friend, relative, domesticPartner, manager, assistant, referredBy, partner.'
 'Q: People API에서 관계 필드의 person 필드는 어떤 정보를 포함하나요?\nA: person 필드(string)는 이 관계가 참조하는 다른 사람의 이름입니다.'
 'Q: hyperlink 필드는 어떤 정보를 담고 있으며, 어떻게 설정하나요?\nA: hyperlink 필드는 이 셀이 가리키는 하이퍼링크(있는 경우)를 담고 있습니다. 셀에 하이퍼링크가 여러 개 포함된 경우 이 필드는 비어 있습니다. 하이퍼링크를 설정하려면 userEnteredValue.formulaValue 필드에서 =HYPERLINK 수식을 사용하거나, userEnteredFormat.textFormat 필드에서 셀 수준 링크를 설정할 수 있습니다.'
 ""Q: People API에서 관심 필드의 value 필드는 어떤 정보를 포함하나요?\nA: value 필드는 개인의 관심 분야를 나타내며, 예를 들어 'stargazing'과 같은 값을 가질 수 있습니다.""
 'Q: ExistenceFilter의 count 필드는 어떤 정보를 제공하나요?\nA: ExistenceFilter의 count 필드는 다음과 같은 정보를 제공합니다:\n\n| Fields |\n| --- |\n| count | int32 The total count of documents that match target_id. If different from the count of documents in the client that match, the client must manually determine which documents no longer match the target. |'
 'Q: GetFieldRequest를 사용하여 특정 필드의 정보를 조회할 때 어떤 정보를 요청해야 하나요?\nA: GetFieldRequest를 사용하여 특정 필드의 정보를 조회할 때는 필드의 이름을 포함해야 합니다. 요청 본문에 필드의 경로를 지정하여 해당 필드의 세부 정보를 가져올 수 있습니다.']","BigQuery에서 쿼리 실행 단계의 병렬 입력 세그먼트 수를 확인하려면 'parallelInputs' 필드를 사용해야 합니다. 이 필드는 쿼리 실행 단계에서 병렬로 처리되는 입력 세그먼트의 수를 나타냅니다. 이를 통해 사용자는 쿼리의 병렬 처리 정도를 파악할 수 있으며, 쿼리 성능 최적화에 필요한 정보를 얻을 수 있습니다.","BigQuery에서 쿼리 실행 단계의 병렬 입력 세그먼트 수를 확인하려면 'parallelInputs' 필드를 사용해야 합니다. 이 필드는 쿼리 실행 단계에서 병렬로 처리되는 입력 세그먼트의 수를 나타내며, 사용자는 이를 통해 쿼리 실행의 병렬 처리 수준을 파악할 수 있습니다."
itemDownlodRestrction 뭐에요?,"[""Q: 파일의 복사 및 다운로드에 대한 제한을 확인하려면 어떤 객체를 참조해야 하나요?\nA: 파일의 복사 및 다운로드에 대한 제한을 확인하려면 'DownloadRestriction' 객체를 참조해야 합니다.""
 ""Q: 파일의 다운로드 제한사항을 확인하려면 어떤 필드를 사용해야 하나요?\nA: 파일의 다운로드 제한사항을 확인하려면 'itemDownloadRestriction' 필드를 사용해야 합니다.""
 ""Q: 파일의 다운로드 제한이 소유자 또는 주최자가 직접 적용한 것인지 확인하려면 어떤 필드를 사용해야 하나요?\nA: 파일의 다운로드 제한이 소유자 또는 주최자가 직접 적용한 것인지 확인하려면 'itemDownloadRestriction' 필드를 사용해야 합니다. 이 필드는 소유자 또는 주최자가 직접 적용한 파일의 다운로드 제한을 포함합니다.""
 'Q: 커스텀 클레임을 사용하여 데이터베이스 접근을 제한하는 방법은 무엇인가요?\nA: 예를 들어, \'adminContent\'라는 데이터베이스 노드에 대한 접근을 제한하려면 다음과 같은 Realtime Database 규칙을 사용할 수 있습니다. \n```json\n""rules"": {\n  ""adminContent"": {\n    "".read"": ""auth.token.admin === true"",\n    "".write"": ""auth.token.admin === true""\n  }\n}\n```'
 'Q: Firestore 데이터베이스의 CREATE 및 UPDATE 메서드에 대해 DELETE_PROTECTION_ENABLED 제약 조건을 적용하는 방법은 무엇인가요?\nA: 다음과 같이 deleteProtectionRequired.yaml 파일을 만듭니다.\n```yaml\nname: organizations/ORGANIZATION_ID/customConstraints/custom.deleteProtectionRequired\nresourceTypes:\n- firestore.googleapis.com/Database\nmethodTypes:\n- CREATE\n- UPDATE\ncondition: ""resource.deleteProtectionState == \\""DELETE_PROTECTION_ENABLED\\""""\nactionType: ALLOW\ndisplayName: Firestore Delete Protection Required\ndescription: To ensure the data security, Delete Protection is required to be enabled for Firestore databases.\n```\n이렇게 하면 Firestore 데이터베이스의 모든 CREATE 및 UPDATE 메서드가 DELETE_PROTECTION_ENABLED인 deleteProtectionState의 제약 조건을 충족합니다.'
 'Q: gcloud CLI를 사용하여 Firestore 데이터베이스의 DELETE_PROTECTION_ENABLED 제약 조건을 설정하는 명령어는 무엇인가요?\nA: 조직 수준에서 커스텀 제약조건을 설정합니다.\n```bash\ngcloud org-policies set-custom-constraint deleteProtectionRequired.yaml\n```'
 'Q: Firestore 데이터베이스에서 point-in-time-recovery를 사용 설정해야 하는 제약조건의 예시는 무엇인가요?\nA: 다음은 데이터베이스에서 point-in-time-recovery를 사용 설정해야 한다는 제약조건의 예시입니다:\n```yaml\nname: organizations/ORGANIZATION_ID/customConstraints/custom.pitrEnforce\nresourceTypes:\n- firestore.googleapis.com/Database\nmethodTypes:\n- CREATE\n- UPDATE\ncondition: ""resource.pointInTimeRecoveryEnablement == \'POINT_IN_TIME_RECOVERY_ENABLED\'""\nactionType: ALLOW\ndisplayName: Firestore database enables PiTR\ndescription: Only allow the creation and updating of a databases if PiTR is enabled.\n```'
 'Q: 이벤트의 방해 금지 시간 속성을 설정할 때 어떤 필드를 사용해야 하나요?\nA: 이벤트의 방해 금지 시간 속성을 설정할 때는 `focusTimeProperties` 객체를 사용해야 합니다. 이 객체 내에서 `autoDeclineMode`, `chatStatus`, `declineMessage` 등의 필드를 설정할 수 있습니다.']","'itemDownloadRestriction' 필드는 Google Drive API에서 파일의 다운로드 제한사항을 확인하는 데 사용됩니다. 이 필드는 파일의 다운로드 제한이 소유자 또는 주최자가 직접 적용한 것인지 여부를 포함합니다. 이를 통해 파일의 다운로드가 제한된 경우, 그 제한이 어떻게 설정되었는지를 알 수 있습니다.",itemDownloadRestriction 필드는 소유자 또는 주최자가 직접 적용한 파일의 다운로드 제한을 확인할 때 사용합니다.
What does the textFormat field represent in TreemapChartSpec's JSON?,"['Q: TreemapChartSpec의 JSON 표현에서 textFormat 필드는 어떤 정보를 포함하나요?\nA: textFormat 필드는 차트의 모든 라벨에 사용할 텍스트 형식입니다. 링크 필드는 지원되지 않습니다.'
 'Q: ChartSpec의 JSON 표현에서 titleTextFormat 필드는 어떤 역할을 하나요?\nA: titleTextFormat 필드는 제목 텍스트 형식을 정의합니다. 취소선, 밑줄, 링크는 지원되지 않습니다.'
 'Q: SlicerSpec 객체의 textFormat 필드는 어떤 역할을 하나요?\nA: textFormat 필드는 슬라이서에 표시되는 제목의 텍스트 형식을 정의하는 객체입니다. 링크 필드는 지원되지 않습니다.'
 'Q: BasicChartAxis의 JSON 표현에서 format 필드는 어떤 역할을 하나요?\nA: format 필드는 제목의 형식을 정의합니다. 축이 도메인과 연결되지 않은 경우에만 유효합니다.'
 'Q: ChartSpec의 JSON 표현에서 subtitleTextFormat 필드는 어떤 역할을 하나요?\nA: subtitleTextFormat 필드는 자막 텍스트 형식을 정의하며, 취소선, 밑줄, 링크는 지원되지 않습니다.'
 'Q: TreemapChartSpec의 JSON 표현에서 levels 필드는 어떤 역할을 하나요?\nA: levels 필드는 트리맵 차트에 표시할 데이터 수준의 수를 정의합니다. 이러한 수준은 대화형이며 라벨과 함께 표시됩니다. 지정하지 않을 경우 기본값은 2입니다.'
 'Q: BaselineValueFormat의 textFormat 필드는 어떤 역할을 하나요?\nA: textFormat 필드는 기준 값의 텍스트 서식 지정 옵션을 정의합니다. 이 필드는 object (TextFormat) 형식으로, 링크 필드는 지원되지 않습니다.'
 'Q: KeyValueFormat의 textFormat 필드는 어떤 정보를 포함하나요?\nA: textFormat 필드는 키 값의 텍스트 서식 지정 옵션입니다. 링크 필드는 지원되지 않습니다.']",The textFormat field in TreemapChartSpec's JSON represents the text format to be used for all labels in the chart. The link field is not supported.,The textFormat field specifies the text format to be used for all labels in the chart. Link fields are not supported.
fileId는 무엇을 의미하나요?,"[""Q: AccessProposal 리소스의 'fileId' 필드는 무엇을 나타내나요?\nA: 'fileId' 필드는 액세스 제안이 있는 파일의 ID를 나타냅니다.""
 'Q: replies.update 메서드의 경로 매개변수로 사용되는 fileId, commentId, replyId의 역할은 무엇인가요?\nA: 경로 매개변수는 다음과 같은 역할을 합니다:\n- `fileId`: 파일의 ID입니다.\n- `commentId`: 댓글의 ID입니다.\n- `replyId`: 답장의 ID입니다.\n이 매개변수들은 특정 파일의 특정 댓글에 대한 특정 답글을 식별하는 데 사용됩니다.'
 'Q: revisions.update 메서드의 경로 매개변수로 사용되는 fileId와 revisionId는 무엇을 의미하나요?\nA: revisions.update 메서드의 경로 매개변수로 사용되는 `fileId`는 파일의 ID를 의미하며, `revisionId`는 업데이트할 버전의 ID를 의미합니다.'
 ""Q: 변경사항 리소스에서 'fileId' 필드는 어떤 정보를 담고 있나요?\nA: 'fileId' 필드는 변경된 파일의 ID를 담고 있습니다.""
 'Q: replies.list 메서드에서 사용할 수 있는 경로 매개변수는 무엇이며, 각각의 역할은 무엇인가요?\nA: replies.list 메서드에서 사용할 수 있는 경로 매개변수는 다음과 같습니다:\n- `fileId`: 파일의 ID입니다.\n- `commentId`: 댓글의 ID입니다.'
 'Q: permissions.update 메서드에서 사용되는 경로 매개변수는 무엇인가요?\nA: 경로 매개변수로는 fileId(파일 또는 공유 드라이브의 ID)와 permissionId(권한의 ID)가 필요합니다.'
 'Q: 댓글 삭제 요청 시 필요한 경로 매개변수는 무엇인가요?\nA: 댓글 삭제 요청 시 필요한 경로 매개변수는 다음과 같습니다:\n- `fileId`: 파일의 ID입니다.\n- `commentId`: 댓글의 ID입니다.'
 'Q: Firestore에서 ImportDocumentsRequest를 구성할 때 collection_ids 필드는 어떤 역할을 하나요?\nA: collection_ids 필드는 가져올 컬렉션 ID를 지정합니다. 지정하지 않으면 가져오기 포함된 모든 컬렉션이 포함됩니다. 이 목록의 각 컬렉션 ID는 고유해야 합니다.']","Google Drive API 문서에 따르면, `fileId`는 파일의 ID를 의미합니다. 이는 특정 파일을 식별하는 데 사용됩니다. `fileId`는 여러 메서드에서 경로 매개변수로 사용되며, 예를 들어 `replies.update`, `revisions.update`, `permissions.update` 등의 메서드에서 사용됩니다.",fileId는 파일의 ID를 의미합니다.
"Gmail 작업을 선언하는 방법에 대해 자세히 알고 싶은데, Declaring Actions 관련 자료는 어디서 찿을수 있나요?","['Q: Gmail에서 원클릭 작업(One-Click Action)을 어떻게 선언하나요?\nA: Gmail의 원클릭 작업을 선언하는 방법에 대한 자세한 내용은 원클릭 작업 참조(One-Click Action Reference)를 확인하세요.'
 'Q: Gmail API Go 클라이언트를 실행하기 위해 필요한 작업 디렉터리를 어떻게 설정하나요?\nA: 작업 디렉터리를 설정하기 위해 다음 명령어를 사용합니다:\n\n```bash\nmkdir quickstart\ncd quickstart\ngo mod init quickstart\n```'
 'Q: Gmail API를 사용하기 위한 작업 디렉터리를 어떻게 준비하나요?\nA: 작업 디렉터리를 만들기 위해 다음 명령어를 사용합니다: \n```\nmkdir quickstart\n```\n작업 디렉터리로 변경하기 위해 다음 명령어를 사용합니다: \n```\ncd quickstart\n```'
 'Q: Gmail의 작업 선언 방법에 대한 자료는 어디에서 찾을 수 있나요?\nA: 작업 선언 방법에 대한 자세한 내용은 작업 선언(Declaring Actions) 문서를 참고하세요.'
 'Q: 인앱 액션을 선언할 때 어떤 추가 정보가 필요한가요?\nA: 인앱 작업은 이동 작업과 같이 선언되지만 사용자 에이전트(예: Gmail)가 인라인으로 작업을 쉽게 처리할 수 있도록 하는 추가 정보가 포함되어야 합니다.'
 'Q: Gmail에서 schema.org 마크업을 사용하여 어떤 작업을 지원하나요?\nA: Gmail은 schema.org 마크업을 사용하여 사용자 작업을 가속화하고 사용자가 이메일에서 필요로 하는 가장 중요한 정보를 강조합니다. 지원하는 작업 유형은 다음과 같습니다: 원클릭 작업(One-click Action), Go-to Action, 항공편 양방향 카드(Flight Reservation)입니다.'
 'Q: Gmail에서 작업을 사용하면 어떤 이점이 있나요?\nA: 작업을 사용하면 사용자가 Gmail 내에서 바로 제품 또는 서비스와 상호작용할 수 있습니다. 예를 들어 잡지 구독이 만료된다는 알림을 보낼 때 알림에서 바로 갱신 옵션을 표시할 수 있습니다.'
 'Q: Gmail API 샘플 코드를 처음 실행할 때 어떤 과정이 필요한가요?\nA: 샘플을 처음 실행하면 액세스 권한을 승인하라는 메시지가 표시됩니다. 아직 Google 계정에 로그인하지 않았다면 메시지가 표시될 때 로그인합니다. 여러 계정에 로그인되어 있는 경우 승인에 사용할 계정을 하나 선택하고 수락을 클릭합니다.']","Gmail 작업 선언 방법에 대한 자세한 내용은 ""작업 선언(Declaring Actions)"" 문서를 참고하시면 됩니다. 해당 문서에서 필요한 정보를 찾을 수 있습니다.",작업 선언 방법에 대한 자세한 내용은 작업 선언(Declaring Actions) 문서를 참고하세요.
